bed_id,bed_id_provenance,dataset_id,device_id,device_id_provenance,installation_id,installation_id_provenance,mattress_id,mattress_id_provenance,night_id,night_id_provenance,participant_id,participant_id_provenance,recording_date,recording_date_provenance,recording_location,recording_location_provenance,sensor_id,sensor_id_provenance,sensor_position,sensor_position_provenance,session_id,session_id_provenance,source_path
,unknown; not reported per record,figshare:26013157/file:46976602,,unknown; device identity not reported per record,,unknown; source does not report removal/reinstallation boundaries and night is not treated as installation,,unknown; not reported per record,20231104,source recording filename/date token; identifies a recording night only,01,source participant directory,20231104,source filename/date token,participant dormitory sleeping environment,dataset paper protocol; dormitory natural-sleep environment,,unknown; sensor serial/device identity not reported per record,beneath mattress near chest,"dataset paper protocol; dataset-level placement, not a per-night reinstallation record",,unknown; recording night is not promoted to a session identifier,dataset/data/01/BCG/01_20231104_BCG.csv
,unknown; not reported per record,figshare:26013157/file:46976602,,unknown; device identity not reported per record,,unknown; source does not report removal/reinstallation boundaries and night is not treated as installation,,unknown; not reported per record,20231105,source recording filename/date token; identifies a recording night only,01,source participant directory,20231105,source filename/date token,participant dormitory sleeping environment,dataset paper protocol; dormitory natural-sleep environment,,unknown; sensor serial/device identity not reported per record,beneath mattress near chest,"dataset paper protocol; dataset-level placement, not a per-night reinstallation record",,unknown; recording night is not promoted to a session identifier,dataset/data/01/BCG/01_20231105_BCG.csv
,unknown; not reported per record,figshare:26013157/file:46976602,,unknown; device identity not reported per record,,unknown; source does not report removal/reinstallation boundaries and night is not treated as installation,,unknown; not reported per record,20231106,source recording filename/date token; identifies a recording night only,01,source participant directory,20231106,source filename/date token,participant dormitory sleeping environment,dataset paper protocol; dormitory natural-sleep environment,,unknown; sensor serial/device identity not reported per record,beneath mattress near chest,"dataset paper protocol; dataset-level placement, not a per-night reinstallation record",,unknown; recording night is not promoted to a session identifier,dataset/data/01/BCG/01_20231106_BCG.csv
,unknown; not reported per record,figshare:26013157/file:46976602,,unknown; device identity not reported per record,,unknown; source does not report removal/reinstallation boundaries and night is not treated as installation,,unknown; not reported per record,20231107,source recording filename/date token; identifies a recording night only,01,source participant directory,20231107,source filename/date token,participant dormitory sleeping environment,dataset paper protocol; dormitory natural-sleep environment,,unknown; sensor serial/device identity not reported per record,beneath mattress near chest,"dataset paper protocol; dataset-level placement, not a per-night reinstallation record",,unknown; recording night is not promoted to a session identifier,dataset/data/01/BCG/01_20231107_BCG.csv
,unknown; not reported per record,figshare:26013157/file:46976602,,unknown; device identity not reported per record,,unknown; source does not report removal/reinstallation boundaries and night is not treated as installation,,unknown; not reported per record,20231108,source recording filename/date token; identifies a recording night only,01,source participant directory,20231108,source filename/date token,participant dormitory sleeping environment,dataset paper protocol; dormitory natural-sleep environment,,unknown; sensor serial/device identity not reported per record,beneath mattress near chest,"dataset paper protocol; dataset-level placement, not a per-night reinstallation record",,unknown; recording night is not promoted to a session identifier,dataset/data/01/BCG/01_20231108_BCG.csv
,unknown; not reported per record,figshare:26013157/file:46976602,,unknown; device identity not reported per record,,unknown; source does not report removal/reinstallation boundaries and night is not treated as installation,,unknown; not reported per record,20231109,source recording filename/date token; identifies a recording night only,01,source participant directory,20231109,source filename/date token,participant dormitory sleeping environment,dataset paper protocol; dormitory natural-sleep environment,,unknown; sensor serial/device identity not reported per record,beneath mattress near chest,"dataset paper protocol; dataset-level placement, not a per-night reinstallation record",,unknown; recording night is not promoted to a session identifier,dataset/data/01/BCG/01_20231109_BCG.csv
,unknown; not reported per record,figshare:26013157/file:46976602,,unknown; device identity not reported per record,,unknown; source does not report removal/reinstallation boundaries and night is not treated as installation,,unknown; not reported per record,20231103,source recording filename/date token; identifies a recording night only,02,source participant directory,20231103,source filename/date token,participant dormitory sleeping environment,dataset paper protocol; dormitory natural-sleep environment,,unknown; sensor serial/device identity not reported per record,beneath mattress near chest,"dataset paper protocol; dataset-level placement, not a per-night reinstallation record",,unknown; recording night is not promoted to a session identifier,dataset/data/02/BCG/02_20231103_BCG.csv
,unknown; not reported per record,figshare:26013157/file:46976602,,unknown; device identity not reported per record,,unknown; source does not report removal/reinstallation boundaries and night is not treated as installation,,unknown; not reported per record,20231104,source recording filename/date token; identifies a recording night only,02,source participant directory,20231104,source filename/date token,participant dormitory sleeping environment,dataset paper protocol; dormitory natural-sleep environment,,unknown; sensor serial/device identity not reported per record,beneath mattress near chest,"dataset paper protocol; dataset-level placement, not a per-night reinstallation record",,unknown; recording night is not promoted to a session identifier,dataset/data/02/BCG/02_20231104_BCG.csv
,unknown; not reported per record,figshare:26013157/file:46976602,,unknown; device identity not reported per record,,unknown; source does not report removal/reinstallation boundaries and night is not treated as installation,,unknown; not reported per record,20231105,source recording filename/date token; identifies a recording night only,02,source participant directory,20231105,source filename/date token,participant dormitory sleeping environment,dataset paper protocol; dormitory natural-sleep environment,,unknown; sensor serial/device identity not reported per record,beneath mattress near chest,"dataset paper protocol; dataset-level placement, not a per-night reinstallation record",,unknown; recording night is not promoted to a session identifier,dataset/data/02/BCG/02_20231105_BCG.csv
,unknown; not reported per record,figshare:26013157/file:46976602,,unknown; device identity not reported per record,,unknown; source does not report removal/reinstallation boundaries and night is not treated as installation,,unknown; not reported per record,20231106,source recording filename/date token; identifies a recording night only,02,source participant directory,20231106,source filename/date token,participant dormitory sleeping environment,dataset paper protocol; dormitory natural-sleep environment,,unknown; sensor serial/device identity not reported per record,beneath mattress near chest,"dataset paper protocol; dataset-level placement, not a per-night reinstallation record",,unknown; recording night is not promoted to a session identifier,dataset/data/02/BCG/02_20231106_BCG.csv
,unknown; not reported per record,figshare:26013157/file:46976602,,unknown; device identity not reported per record,,unknown; source does not report removal/reinstallation boundaries and night is not treated as installation,,unknown; not reported per record,20231107,source recording filename/date token; identifies a recording night only,02,source participant directory,20231107,source filename/date token,participant dormitory sleeping environment,dataset paper protocol; dormitory natural-sleep environment,,unknown; sensor serial/device identity not reported per record,beneath mattress near chest,"dataset paper protocol; dataset-level placement, not a per-night reinstallation record",,unknown; recording night is not promoted to a session identifier,dataset/data/02/BCG/02_20231107_BCG.csv
,unknown; not reported per record,figshare:26013157/file:46976602,,unknown; device identity not reported per record,,unknown; source does not report removal/reinstallation boundaries and night is not treated as installation,,unknown; not reported per record,20231108,source recording filename/date token; identifies a recording night only,02,source participant directory,20231108,source filename/date token,participant dormitory sleeping environment,dataset paper protocol; dormitory natural-sleep environment,,unknown; sensor serial/device identity not reported per record,beneath mattress near chest,"dataset paper protocol; dataset-level placement, not a per-night reinstallation record",,unknown; recording night is not promoted to a session identifier,dataset/data/02/BCG/02_20231108_BCG.csv
,unknown; not reported per record,figshare:26013157/file:46976602,,unknown; device identity not reported per record,,unknown; source does not report removal/reinstallation boundaries and night is not treated as installation,,unknown; not reported per record,20231109,source recording filename/date token; identifies a recording night only,02,source participant directory,20231109,source filename/date token,participant dormitory sleeping environment,dataset paper protocol; dormitory natural-sleep environment,,unknown; sensor serial/device identity not reported per record,beneath mattress near chest,"dataset paper protocol; dataset-level placement, not a per-night reinstallation record",,unknown; recording night is not promoted to a session identifier,dataset/data/02/BCG/02_20231109_BCG.csv
,unknown; not reported per record,figshare:26013157/file:46976602,,unknown; device identity not reported per record,,unknown; source does not report removal/reinstallation boundaries and night is not treated as installation,,unknown; not reported per record,20231103,source recording filename/date token; identifies a recording night only,03,source participant directory,20231103,source filename/date token,participant dormitory sleeping environment,dataset paper protocol; dormitory natural-sleep environment,,unknown; sensor serial/device identity not reported per record,beneath mattress near chest,"dataset paper protocol; dataset-level placement, not a per-night reinstallation record",,unknown; recording night is not promoted to a session identifier,dataset/data/03/BCG/03_20231103_BCG.csv
,unknown; not reported per record,figshare:26013157/file:46976602,,unknown; device identity not reported per record,,unknown; source does not report removal/reinstallation boundaries and night is not treated as installation,,unknown; not reported per record,20231105,source recording filename/date token; identifies a recording night only,03,source participant directory,20231105,source filename/date token,participant dormitory sleeping environment,dataset paper protocol; dormitory natural-sleep environment,,unknown; sensor serial/device identity not reported per record,beneath mattress near chest,"dataset paper protocol; dataset-level placement, not a per-night reinstallation record",,unknown; recording night is not promoted to a session identifier,dataset/data/03/BCG/03_20231105_BCG.csv
,unknown; not reported per record,figshare:26013157/file:46976602,,unknown; device identity not reported per record,,unknown; source does not report removal/reinstallation boundaries and night is not treated as installation,,unknown; not reported per record,20231106,source recording filename/date token; identifies a recording night only,03,source participant directory,20231106,source filename/date token,participant dormitory sleeping environment,dataset paper protocol; dormitory natural-sleep environment,,unknown; sensor serial/device identity not reported per record,beneath mattress near chest,"dataset paper protocol; dataset-level placement, not a per-night reinstallation record",,unknown; recording night is not promoted to a session identifier,dataset/data/03/BCG/03_20231106_BCG.csv
,unknown; not reported per record,figshare:26013157/file:46976602,,unknown; device identity not reported per record,,unknown; source does not report removal/reinstallation boundaries and night is not treated as installation,,unknown; not reported per record,20231107,source recording filename/date token; identifies a recording night only,03,source participant directory,20231107,source filename/date token,participant dormitory sleeping environment,dataset paper protocol; dormitory natural-sleep environment,,unknown; sensor serial/device identity not reported per record,beneath mattress near chest,"dataset paper protocol; dataset-level placement, not a per-night reinstallation record",,unknown; recording night is not promoted to a session identifier,dataset/data/03/BCG/03_20231107_BCG.csv
,unknown; not reported per record,figshare:26013157/file:46976602,,unknown; device identity not reported per record,,unknown; source does not report removal/reinstallation boundaries and night is not treated as installation,,unknown; not reported per record,20231108,source recording filename/date token; identifies a recording night only,03,source participant directory,20231108,source filename/date token,participant dormitory sleeping environment,dataset paper protocol; dormitory natural-sleep environment,,unknown; sensor serial/device identity not reported per record,beneath mattress near chest,"dataset paper protocol; dataset-level placement, not a per-night reinstallation record",,unknown; recording night is not promoted to a session identifier,dataset/data/03/BCG/03_20231108_BCG.csv
,unknown; not reported per record,figshare:26013157/file:46976602,,unknown; device identity not reported per record,,unknown; source does not report removal/reinstallation boundaries and night is not treated as installation,,unknown; not reported per record,20231109,source recording filename/date token; identifies a recording night only,03,source participant directory,20231109,source filename/date token,participant dormitory sleeping environment,dataset paper protocol; dormitory natural-sleep environment,,unknown; sensor serial/device identity not reported per record,beneath mattress near chest,"dataset paper protocol; dataset-level placement, not a per-night reinstallation record",,unknown; recording night is not promoted to a session identifier,dataset/data/03/BCG/03_20231109_BCG.csv
,unknown; not reported per record,figshare:26013157/file:46976602,,unknown; device identity not reported per record,,unknown; source does not report removal/reinstallation boundaries and night is not treated as installation,,unknown; not reported per record,20231103,source recording filename/date token; identifies a recording night only,04,source participant directory,20231103,source filename/date token,participant dormitory sleeping environment,dataset paper protocol; dormitory natural-sleep environment,,unknown; sensor serial/device identity not reported per record,beneath mattress near chest,"dataset paper protocol; dataset-level placement, not a per-night reinstallation record",,unknown; recording night is not promoted to a session identifier,dataset/data/04/BCG/04_20231103_BCG.csv
,unknown; not reported per record,figshare:26013157/file:46976602,,unknown; device identity not reported per record,,unknown; source does not report removal/reinstallation boundaries and night is not treated as installation,,unknown; not reported per record,20231104,source recording filename/date token; identifies a recording night only,04,source participant directory,20231104,source filename/date token,participant dormitory sleeping environment,dataset paper protocol; dormitory natural-sleep environment,,unknown; sensor serial/device identity not reported per record,beneath mattress near chest,"dataset paper protocol; dataset-level placement, not a per-night reinstallation record",,unknown; recording night is not promoted to a session identifier,dataset/data/04/BCG/04_20231104_BCG.csv
,unknown; not reported per record,figshare:26013157/file:46976602,,unknown; device identity not reported per record,,unknown; source does not report removal/reinstallation boundaries and night is not treated as installation,,unknown; not reported per record,20231105,source recording filename/date token; identifies a recording night only,04,source participant directory,20231105,source filename/date token,participant dormitory sleeping environment,dataset paper protocol; dormitory natural-sleep environment,,unknown; sensor serial/device identity not reported per record,beneath mattress near chest,"dataset paper protocol; dataset-level placement, not a per-night reinstallation record",,unknown; recording night is not promoted to a session identifier,dataset/data/04/BCG/04_20231105_BCG.csv
,unknown; not reported per record,figshare:26013157/file:46976602,,unknown; device identity not reported per record,,unknown; source does not report removal/reinstallation boundaries and night is not treated as installation,,unknown; not reported per record,20231106,source recording filename/date token; identifies a recording night only,04,source participant directory,20231106,source filename/date token,participant dormitory sleeping environment,dataset paper protocol; dormitory natural-sleep environment,,unknown; sensor serial/device identity not reported per record,beneath mattress near chest,"dataset paper protocol; dataset-level placement, not a per-night reinstallation record",,unknown; recording night is not promoted to a session identifier,dataset/data/04/BCG/04_20231106_BCG.csv
,unknown; not reported per record,figshare:26013157/file:46976602,,unknown; device identity not reported per record,,unknown; source does not report removal/reinstallation boundaries and night is not treated as installation,,unknown; not reported per record,20231107,source recording filename/date token; identifies a recording night only,04,source participant directory,20231107,source filename/date token,participant dormitory sleeping environment,dataset paper protocol; dormitory natural-sleep environment,,unknown; sensor serial/device identity not reported per record,beneath mattress near chest,"dataset paper protocol; dataset-level placement, not a per-night reinstallation record",,unknown; recording night is not promoted to a session identifier,dataset/data/04/BCG/04_20231107_BCG.csv
,unknown; not reported per record,figshare:26013157/file:46976602,,unknown; device identity not reported per record,,unknown; source does not report removal/reinstallation boundaries and night is not treated as installation,,unknown; not reported per record,20231108,source recording filename/date token; identifies a recording night only,04,source participant directory,20231108,source filename/date token,participant dormitory sleeping environment,dataset paper protocol; dormitory natural-sleep environment,,unknown; sensor serial/device identity not reported per record,beneath mattress near chest,"dataset paper protocol; dataset-level placement, not a per-night reinstallation record",,unknown; recording night is not promoted to a session identifier,dataset/data/04/BCG/04_20231108_BCG.csv
,unknown; not reported per record,figshare:26013157/file:46976602,,unknown; device identity not reported per record,,unknown; source does not report removal/reinstallation boundaries and night is not treated as installation,,unknown; not reported per record,20231109,source recording filename/date token; identifies a recording night only,04,source participant directory,20231109,source filename/date token,participant dormitory sleeping environment,dataset paper protocol; dormitory natural-sleep environment,,unknown; sensor serial/device identity not reported per record,beneath mattress near chest,"dataset paper protocol; dataset-level placement, not a per-night reinstallation record",,unknown; recording night is not promoted to a session identifier,dataset/data/04/BCG/04_20231109_BCG.csv
,unknown; not reported per record,figshare:26013157/file:46976602,,unknown; device identity not reported per record,,unknown; source does not report removal/reinstallation boundaries and night is not treated as installation,,unknown; not reported per record,20231103,source recording filename/date token; identifies a recording night only,05,source participant directory,20231103,source filename/date token,participant dormitory sleeping environment,dataset paper protocol; dormitory natural-sleep environment,,unknown; sensor serial/device identity not reported per record,beneath mattress near chest,"dataset paper protocol; dataset-level placement, not a per-night reinstallation record",,unknown; recording night is not promoted to a session identifier,dataset/data/05/BCG/05_20231103_BCG.csv
,unknown; not reported per record,figshare:26013157/file:46976602,,unknown; device identity not reported per record,,unknown; source does not report removal/reinstallation boundaries and night is not treated as installation,,unknown; not reported per record,20231104,source recording filename/date token; identifies a recording night only,05,source participant directory,20231104,source filename/date token,participant dormitory sleeping environment,dataset paper protocol; dormitory natural-sleep environment,,unknown; sensor serial/device identity not reported per record,beneath mattress near chest,"dataset paper protocol; dataset-level placement, not a per-night reinstallation record",,unknown; recording night is not promoted to a session identifier,dataset/data/05/BCG/05_20231104_BCG.csv
,unknown; not reported per record,figshare:26013157/file:46976602,,unknown; device identity not reported per record,,unknown; source does not report removal/reinstallation boundaries and night is not treated as installation,,unknown; not reported per record,20231105,source recording filename/date token; identifies a recording night only,05,source participant directory,20231105,source filename/date token,participant dormitory sleeping environment,dataset paper protocol; dormitory natural-sleep environment,,unknown; sensor serial/device identity not reported per record,beneath mattress near chest,"dataset paper protocol; dataset-level placement, not a per-night reinstallation record",,unknown; recording night is not promoted to a session identifier,dataset/data/05/BCG/05_20231105_BCG.csv
,unknown; not reported per record,figshare:26013157/file:46976602,,unknown; device identity not reported per record,,unknown; source does not report removal/reinstallation boundaries and night is not treated as installation,,unknown; not reported per record,20231106,source recording filename/date token; identifies a recording night only,05,source participant directory,20231106,source filename/date token,participant dormitory sleeping environment,dataset paper protocol; dormitory natural-sleep environment,,unknown; sensor serial/device identity not reported per record,beneath mattress near chest,"dataset paper protocol; dataset-level placement, not a per-night reinstallation record",,unknown; recording night is not promoted to a session identifier,dataset/data/05/BCG/05_20231106_BCG.csv
,unknown; not reported per record,figshare:26013157/file:46976602,,unknown; device identity not reported per record,,unknown; source does not report removal/reinstallation boundaries and night is not treated as installation,,unknown; not reported per record,20231107,source recording filename/date token; identifies a recording night only,05,source participant directory,20231107,source filename/date token,participant dormitory sleeping environment,dataset paper protocol; dormitory natural-sleep environment,,unknown; sensor serial/device identity not reported per record,beneath mattress near chest,"dataset paper protocol; dataset-level placement, not a per-night reinstallation record",,unknown; recording night is not promoted to a session identifier,dataset/data/05/BCG/05_20231107_BCG.csv
,unknown; not reported per record,figshare:26013157/file:46976602,,unknown; device identity not reported per record,,unknown; source does not report removal/reinstallation boundaries and night is not treated as installation,,unknown; not reported per record,20231108,source recording filename/date token; identifies a recording night only,05,source participant directory,20231108,source filename/date token,participant dormitory sleeping environment,dataset paper protocol; dormitory natural-sleep environment,,unknown; sensor serial/device identity not reported per record,beneath mattress near chest,"dataset paper protocol; dataset-level placement, not a per-night reinstallation record",,unknown; recording night is not promoted to a session identifier,dataset/data/05/BCG/05_20231108_BCG.csv
,unknown; not reported per record,figshare:26013157/file:46976602,,unknown; device identity not reported per record,,unknown; source does not report removal/reinstallation boundaries and night is not treated as installation,,unknown; not reported per record,20231109,source recording filename/date token; identifies a recording night only,05,source participant directory,20231109,source filename/date token,participant dormitory sleeping environment,dataset paper protocol; dormitory natural-sleep environment,,unknown; sensor serial/device identity not reported per record,beneath mattress near chest,"dataset paper protocol; dataset-level placement, not a per-night reinstallation record",,unknown; recording night is not promoted to a session identifier,dataset/data/05/BCG/05_20231109_BCG.csv
,unknown; not reported per record,figshare:26013157/file:46976602,,unknown; device identity not reported per record,,unknown; source does not report removal/reinstallation boundaries and night is not treated as installation,,unknown; not reported per record,20231110,source recording filename/date token; identifies a recording night only,06,source participant directory,20231110,source filename/date token,participant dormitory sleeping environment,dataset paper protocol; dormitory natural-sleep environment,,unknown; sensor serial/device identity not reported per record,beneath mattress near chest,"dataset paper protocol; dataset-level placement, not a per-night reinstallation record",,unknown; recording night is not promoted to a session identifier,dataset/data/06/BCG/06_20231110_BCG.csv
,unknown; not reported per record,figshare:26013157/file:46976602,,unknown; device identity not reported per record,,unknown; source does not report removal/reinstallation boundaries and night is not treated as installation,,unknown; not reported per record,20231111,source recording filename/date token; identifies a recording night only,06,source participant directory,20231111,source filename/date token,participant dormitory sleeping environment,dataset paper protocol; dormitory natural-sleep environment,,unknown; sensor serial/device identity not reported per record,beneath mattress near chest,"dataset paper protocol; dataset-level placement, not a per-night reinstallation record",,unknown; recording night is not promoted to a session identifier,dataset/data/06/BCG/06_20231111_BCG.csv
,unknown; not reported per record,figshare:26013157/file:46976602,,unknown; device identity not reported per record,,unknown; source does not report removal/reinstallation boundaries and night is not treated as installation,,unknown; not reported per record,20231112,source recording filename/date token; identifies a recording night only,06,source participant directory,20231112,source filename/date token,participant dormitory sleeping environment,dataset paper protocol; dormitory natural-sleep environment,,unknown; sensor serial/device identity not reported per record,beneath mattress near chest,"dataset paper protocol; dataset-level placement, not a per-night reinstallation record",,unknown; recording night is not promoted to a session identifier,dataset/data/06/BCG/06_20231112_BCG.csv
,unknown; not reported per record,figshare:26013157/file:46976602,,unknown; device identity not reported per record,,unknown; source does not report removal/reinstallation boundaries and night is not treated as installation,,unknown; not reported per record,20231113,source recording filename/date token; identifies a recording night only,06,source participant directory,20231113,source filename/date token,participant dormitory sleeping environment,dataset paper protocol; dormitory natural-sleep environment,,unknown; sensor serial/device identity not reported per record,beneath mattress near chest,"dataset paper protocol; dataset-level placement, not a per-night reinstallation record",,unknown; recording night is not promoted to a session identifier,dataset/data/06/BCG/06_20231113_BCG.csv
,unknown; not reported per record,figshare:26013157/file:46976602,,unknown; device identity not reported per record,,unknown; source does not report removal/reinstallation boundaries and night is not treated as installation,,unknown; not reported per record,20231115,source recording filename/date token; identifies a recording night only,06,source participant directory,20231115,source filename/date token,participant dormitory sleeping environment,dataset paper protocol; dormitory natural-sleep environment,,unknown; sensor serial/device identity not reported per record,beneath mattress near chest,"dataset paper protocol; dataset-level placement, not a per-night reinstallation record",,unknown; recording night is not promoted to a session identifier,dataset/data/06/BCG/06_20231115_BCG.csv
,unknown; not reported per record,figshare:26013157/file:46976602,,unknown; device identity not reported per record,,unknown; source does not report removal/reinstallation boundaries and night is not treated as installation,,unknown; not reported per record,20231116,source recording filename/date token; identifies a recording night only,06,source participant directory,20231116,source filename/date token,participant dormitory sleeping environment,dataset paper protocol; dormitory natural-sleep environment,,unknown; sensor serial/device identity not reported per record,beneath mattress near chest,"dataset paper protocol; dataset-level placement, not a per-night reinstallation record",,unknown; recording night is not promoted to a session identifier,dataset/data/06/BCG/06_20231116_BCG.csv
,unknown; not reported per record,figshare:26013157/file:46976602,,unknown; device identity not reported per record,,unknown; source does not report removal/reinstallation boundaries and night is not treated as installation,,unknown; not reported per record,20231111,source recording filename/date token; identifies a recording night only,07,source participant directory,20231111,source filename/date token,participant dormitory sleeping environment,dataset paper protocol; dormitory natural-sleep environment,,unknown; sensor serial/device identity not reported per record,beneath mattress near chest,"dataset paper protocol; dataset-level placement, not a per-night reinstallation record",,unknown; recording night is not promoted to a session identifier,dataset/data/07/BCG/07_20231111_BCG.csv
,unknown; not reported per record,figshare:26013157/file:46976602,,unknown; device identity not reported per record,,unknown; source does not report removal/reinstallation boundaries and night is not treated as installation,,unknown; not reported per record,20231112,source recording filename/date token; identifies a recording night only,07,source participant directory,20231112,source filename/date token,participant dormitory sleeping environment,dataset paper protocol; dormitory natural-sleep environment,,unknown; sensor serial/device identity not reported per record,beneath mattress near chest,"dataset paper protocol; dataset-level placement, not a per-night reinstallation record",,unknown; recording night is not promoted to a session identifier,dataset/data/07/BCG/07_20231112_BCG.csv
,unknown; not reported per record,figshare:26013157/file:46976602,,unknown; device identity not reported per record,,unknown; source does not report removal/reinstallation boundaries and night is not treated as installation,,unknown; not reported per record,20231113,source recording filename/date token; identifies a recording night only,07,source participant directory,20231113,source filename/date token,participant dormitory sleeping environment,dataset paper protocol; dormitory natural-sleep environment,,unknown; sensor serial/device identity not reported per record,beneath mattress near chest,"dataset paper protocol; dataset-level placement, not a per-night reinstallation record",,unknown; recording night is not promoted to a session identifier,dataset/data/07/BCG/07_20231113_BCG.csv
,unknown; not reported per record,figshare:26013157/file:46976602,,unknown; device identity not reported per record,,unknown; source does not report removal/reinstallation boundaries and night is not treated as installation,,unknown; not reported per record,20231114,source recording filename/date token; identifies a recording night only,07,source participant directory,20231114,source filename/date token,participant dormitory sleeping environment,dataset paper protocol; dormitory natural-sleep environment,,unknown; sensor serial/device identity not reported per record,beneath mattress near chest,"dataset paper protocol; dataset-level placement, not a per-night reinstallation record",,unknown; recording night is not promoted to a session identifier,dataset/data/07/BCG/07_20231114_BCG.csv
,unknown; not reported per record,figshare:26013157/file:46976602,,unknown; device identity not reported per record,,unknown; source does not report removal/reinstallation boundaries and night is not treated as installation,,unknown; not reported per record,20231115,source recording filename/date token; identifies a recording night only,07,source participant directory,20231115,source filename/date token,participant dormitory sleeping environment,dataset paper protocol; dormitory natural-sleep environment,,unknown; sensor serial/device identity not reported per record,beneath mattress near chest,"dataset paper protocol; dataset-level placement, not a per-night reinstallation record",,unknown; recording night is not promoted to a session identifier,dataset/data/07/BCG/07_20231115_BCG.csv
,unknown; not reported per record,figshare:26013157/file:46976602,,unknown; device identity not reported per record,,unknown; source does not report removal/reinstallation boundaries and night is not treated as installation,,unknown; not reported per record,20231116,source recording filename/date token; identifies a recording night only,07,source participant directory,20231116,source filename/date token,participant dormitory sleeping environment,dataset paper protocol; dormitory natural-sleep environment,,unknown; sensor serial/device identity not reported per record,beneath mattress near chest,"dataset paper protocol; dataset-level placement, not a per-night reinstallation record",,unknown; recording night is not promoted to a session identifier,dataset/data/07/BCG/07_20231116_BCG.csv
,unknown; not reported per record,figshare:26013157/file:46976602,,unknown; device identity not reported per record,,unknown; source does not report removal/reinstallation boundaries and night is not treated as installation,,unknown; not reported per record,20231110,source recording filename/date token; identifies a recording night only,08,source participant directory,20231110,source filename/date token,participant dormitory sleeping environment,dataset paper protocol; dormitory natural-sleep environment,,unknown; sensor serial/device identity not reported per record,beneath mattress near chest,"dataset paper protocol; dataset-level placement, not a per-night reinstallation record",,unknown; recording night is not promoted to a session identifier,dataset/data/08/BCG/08_20231110_BCG.csv
,unknown; not reported per record,figshare:26013157/file:46976602,,unknown; device identity not reported per record,,unknown; source does not report removal/reinstallation boundaries and night is not treated as installation,,unknown; not reported per record,20231111,source recording filename/date token; identifies a recording night only,08,source participant directory,20231111,source filename/date token,participant dormitory sleeping environment,dataset paper protocol; dormitory natural-sleep environment,,unknown; sensor serial/device identity not reported per record,beneath mattress near chest,"dataset paper protocol; dataset-level placement, not a per-night reinstallation record",,unknown; recording night is not promoted to a session identifier,dataset/data/08/BCG/08_20231111_BCG.csv
,unknown; not reported per record,figshare:26013157/file:46976602,,unknown; device identity not reported per record,,unknown; source does not report removal/reinstallation boundaries and night is not treated as installation,,unknown; not reported per record,20231112,source recording filename/date token; identifies a recording night only,08,source participant directory,20231112,source filename/date token,participant dormitory sleeping environment,dataset paper protocol; dormitory natural-sleep environment,,unknown; sensor serial/device identity not reported per record,beneath mattress near chest,"dataset paper protocol; dataset-level placement, not a per-night reinstallation record",,unknown; recording night is not promoted to a session identifier,dataset/data/08/BCG/08_20231112_BCG.csv
,unknown; not reported per record,figshare:26013157/file:46976602,,unknown; device identity not reported per record,,unknown; source does not report removal/reinstallation boundaries and night is not treated as installation,,unknown; not reported per record,20231113,source recording filename/date token; identifies a recording night only,08,source participant directory,20231113,source filename/date token,participant dormitory sleeping environment,dataset paper protocol; dormitory natural-sleep environment,,unknown; sensor serial/device identity not reported per record,beneath mattress near chest,"dataset paper protocol; dataset-level placement, not a per-night reinstallation record",,unknown; recording night is not promoted to a session identifier,dataset/data/08/BCG/08_20231113_BCG.csv
,unknown; not reported per record,figshare:26013157/file:46976602,,unknown; device identity not reported per record,,unknown; source does not report removal/reinstallation boundaries and night is not treated as installation,,unknown; not reported per record,20231114,source recording filename/date token; identifies a recording night only,08,source participant directory,20231114,source filename/date token,participant dormitory sleeping environment,dataset paper protocol; dormitory natural-sleep environment,,unknown; sensor serial/device identity not reported per record,beneath mattress near chest,"dataset paper protocol; dataset-level placement, not a per-night reinstallation record",,unknown; recording night is not promoted to a session identifier,dataset/data/08/BCG/08_20231114_BCG.csv
,unknown; not reported per record,figshare:26013157/file:46976602,,unknown; device identity not reported per record,,unknown; source does not report removal/reinstallation boundaries and night is not treated as installation,,unknown; not reported per record,20231115,source recording filename/date token; identifies a recording night only,08,source participant directory,20231115,source filename/date token,participant dormitory sleeping environment,dataset paper protocol; dormitory natural-sleep environment,,unknown; sensor serial/device identity not reported per record,beneath mattress near chest,"dataset paper protocol; dataset-level placement, not a per-night reinstallation record",,unknown; recording night is not promoted to a session identifier,dataset/data/08/BCG/08_20231115_BCG.csv
,unknown; not reported per record,figshare:26013157/file:46976602,,unknown; device identity not reported per record,,unknown; source does not report removal/reinstallation boundaries and night is not treated as installation,,unknown; not reported per record,20231116,source recording filename/date token; identifies a recording night only,08,source participant directory,20231116,source filename/date token,participant dormitory sleeping environment,dataset paper protocol; dormitory natural-sleep environment,,unknown; sensor serial/device identity not reported per record,beneath mattress near chest,"dataset paper protocol; dataset-level placement, not a per-night reinstallation record",,unknown; recording night is not promoted to a session identifier,dataset/data/08/BCG/08_20231116_BCG.csv
,unknown; not reported per record,figshare:26013157/file:46976602,,unknown; device identity not reported per record,,unknown; source does not report removal/reinstallation boundaries and night is not treated as installation,,unknown; not reported per record,20231110,source recording filename/date token; identifies a recording night only,09,source participant directory,20231110,source filename/date token,participant dormitory sleeping environment,dataset paper protocol; dormitory natural-sleep environment,,unknown; sensor serial/device identity not reported per record,beneath mattress near chest,"dataset paper protocol; dataset-level placement, not a per-night reinstallation record",,unknown; recording night is not promoted to a session identifier,dataset/data/09/BCG/09_20231110_BCG.csv
,unknown; not reported per record,figshare:26013157/file:46976602,,unknown; device identity not reported per record,,unknown; source does not report removal/reinstallation boundaries and night is not treated as installation,,unknown; not reported per record,20231111,source recording filename/date token; identifies a recording night only,09,source participant directory,20231111,source filename/date token,participant dormitory sleeping environment,dataset paper protocol; dormitory natural-sleep environment,,unknown; sensor serial/device identity not reported per record,beneath mattress near chest,"dataset paper protocol; dataset-level placement, not a per-night reinstallation record",,unknown; recording night is not promoted to a session identifier,dataset/data/09/BCG/09_20231111_BCG.csv
,unknown; not reported per record,figshare:26013157/file:46976602,,unknown; device identity not reported per record,,unknown; source does not report removal/reinstallation boundaries and night is not treated as installation,,unknown; not reported per record,20231112,source recording filename/date token; identifies a recording night only,09,source participant directory,20231112,source filename/date token,participant dormitory sleeping environment,dataset paper protocol; dormitory natural-sleep environment,,unknown; sensor serial/device identity not reported per record,beneath mattress near chest,"dataset paper protocol; dataset-level placement, not a per-night reinstallation record",,unknown; recording night is not promoted to a session identifier,dataset/data/09/BCG/09_20231112_BCG.csv
,unknown; not reported per record,figshare:26013157/file:46976602,,unknown; device identity not reported per record,,unknown; source does not report removal/reinstallation boundaries and night is not treated as installation,,unknown; not reported per record,20231113,source recording filename/date token; identifies a recording night only,09,source participant directory,20231113,source filename/date token,participant dormitory sleeping environment,dataset paper protocol; dormitory natural-sleep environment,,unknown; sensor serial/device identity not reported per record,beneath mattress near chest,"dataset paper protocol; dataset-level placement, not a per-night reinstallation record",,unknown; recording night is not promoted to a session identifier,dataset/data/09/BCG/09_20231113_BCG.csv
,unknown; not reported per record,figshare:26013157/file:46976602,,unknown; device identity not reported per record,,unknown; source does not report removal/reinstallation boundaries and night is not treated as installation,,unknown; not reported per record,20231114,source recording filename/date token; identifies a recording night only,09,source participant directory,20231114,source filename/date token,participant dormitory sleeping environment,dataset paper protocol; dormitory natural-sleep environment,,unknown; sensor serial/device identity not reported per record,beneath mattress near chest,"dataset paper protocol; dataset-level placement, not a per-night reinstallation record",,unknown; recording night is not promoted to a session identifier,dataset/data/09/BCG/09_20231114_BCG.csv
,unknown; not reported per record,figshare:26013157/file:46976602,,unknown; device identity not reported per record,,unknown; source does not report removal/reinstallation boundaries and night is not treated as installation,,unknown; not reported per record,20231115,source recording filename/date token; identifies a recording night only,09,source participant directory,20231115,source filename/date token,participant dormitory sleeping environment,dataset paper protocol; dormitory natural-sleep environment,,unknown; sensor serial/device identity not reported per record,beneath mattress near chest,"dataset paper protocol; dataset-level placement, not a per-night reinstallation record",,unknown; recording night is not promoted to a session identifier,dataset/data/09/BCG/09_20231115_BCG.csv
,unknown; not reported per record,figshare:26013157/file:46976602,,unknown; device identity not reported per record,,unknown; source does not report removal/reinstallation boundaries and night is not treated as installation,,unknown; not reported per record,20231116,source recording filename/date token; identifies a recording night only,09,source participant directory,20231116,source filename/date token,participant dormitory sleeping environment,dataset paper protocol; dormitory natural-sleep environment,,unknown; sensor serial/device identity not reported per record,beneath mattress near chest,"dataset paper protocol; dataset-level placement, not a per-night reinstallation record",,unknown; recording night is not promoted to a session identifier,dataset/data/09/BCG/09_20231116_BCG.csv
,unknown; not reported per record,figshare:26013157/file:46976602,,unknown; device identity not reported per record,,unknown; source does not report removal/reinstallation boundaries and night is not treated as installation,,unknown; not reported per record,20231110,source recording filename/date token; identifies a recording night only,10,source participant directory,20231110,source filename/date token,participant dormitory sleeping environment,dataset paper protocol; dormitory natural-sleep environment,,unknown; sensor serial/device identity not reported per record,beneath mattress near chest,"dataset paper protocol; dataset-level placement, not a per-night reinstallation record",,unknown; recording night is not promoted to a session identifier,dataset/data/10/BCG/10_20231110_BCG.csv
,unknown; not reported per record,figshare:26013157/file:46976602,,unknown; device identity not reported per record,,unknown; source does not report removal/reinstallation boundaries and night is not treated as installation,,unknown; not reported per record,20231111,source recording filename/date token; identifies a recording night only,10,source participant directory,20231111,source filename/date token,participant dormitory sleeping environment,dataset paper protocol; dormitory natural-sleep environment,,unknown; sensor serial/device identity not reported per record,beneath mattress near chest,"dataset paper protocol; dataset-level placement, not a per-night reinstallation record",,unknown; recording night is not promoted to a session identifier,dataset/data/10/BCG/10_20231111_BCG.csv
,unknown; not reported per record,figshare:26013157/file:46976602,,unknown; device identity not reported per record,,unknown; source does not report removal/reinstallation boundaries and night is not treated as installation,,unknown; not reported per record,20231112,source recording filename/date token; identifies a recording night only,10,source participant directory,20231112,source filename/date token,participant dormitory sleeping environment,dataset paper protocol; dormitory natural-sleep environment,,unknown; sensor serial/device identity not reported per record,beneath mattress near chest,"dataset paper protocol; dataset-level placement, not a per-night reinstallation record",,unknown; recording night is not promoted to a session identifier,dataset/data/10/BCG/10_20231112_BCG.csv
,unknown; not reported per record,figshare:26013157/file:46976602,,unknown; device identity not reported per record,,unknown; source does not report removal/reinstallation boundaries and night is not treated as installation,,unknown; not reported per record,20231113,source recording filename/date token; identifies a recording night only,10,source participant directory,20231113,source filename/date token,participant dormitory sleeping environment,dataset paper protocol; dormitory natural-sleep environment,,unknown; sensor serial/device identity not reported per record,beneath mattress near chest,"dataset paper protocol; dataset-level placement, not a per-night reinstallation record",,unknown; recording night is not promoted to a session identifier,dataset/data/10/BCG/10_20231113_BCG.csv
,unknown; not reported per record,figshare:26013157/file:46976602,,unknown; device identity not reported per record,,unknown; source does not report removal/reinstallation boundaries and night is not treated as installation,,unknown; not reported per record,20231114,source recording filename/date token; identifies a recording night only,10,source participant directory,20231114,source filename/date token,participant dormitory sleeping environment,dataset paper protocol; dormitory natural-sleep environment,,unknown; sensor serial/device identity not reported per record,beneath mattress near chest,"dataset paper protocol; dataset-level placement, not a per-night reinstallation record",,unknown; recording night is not promoted to a session identifier,dataset/data/10/BCG/10_20231114_BCG.csv
,unknown; not reported per record,figshare:26013157/file:46976602,,unknown; device identity not reported per record,,unknown; source does not report removal/reinstallation boundaries and night is not treated as installation,,unknown; not reported per record,20231115,source recording filename/date token; identifies a recording night only,10,source participant directory,20231115,source filename/date token,participant dormitory sleeping environment,dataset paper protocol; dormitory natural-sleep environment,,unknown; sensor serial/device identity not reported per record,beneath mattress near chest,"dataset paper protocol; dataset-level placement, not a per-night reinstallation record",,unknown; recording night is not promoted to a session identifier,dataset/data/10/BCG/10_20231115_BCG.csv
,unknown; not reported per record,figshare:26013157/file:46976602,,unknown; device identity not reported per record,,unknown; source does not report removal/reinstallation boundaries and night is not treated as installation,,unknown; not reported per record,20231116,source recording filename/date token; identifies a recording night only,10,source participant directory,20231116,source filename/date token,participant dormitory sleeping environment,dataset paper protocol; dormitory natural-sleep environment,,unknown; sensor serial/device identity not reported per record,beneath mattress near chest,"dataset paper protocol; dataset-level placement, not a per-night reinstallation record",,unknown; recording night is not promoted to a session identifier,dataset/data/10/BCG/10_20231116_BCG.csv
,unknown; not reported per record,figshare:26013157/file:46976602,,unknown; device identity not reported per record,,unknown; source does not report removal/reinstallation boundaries and night is not treated as installation,,unknown; not reported per record,20231117,source recording filename/date token; identifies a recording night only,11,source participant directory,20231117,source filename/date token,participant dormitory sleeping environment,dataset paper protocol; dormitory natural-sleep environment,,unknown; sensor serial/device identity not reported per record,beneath mattress near chest,"dataset paper protocol; dataset-level placement, not a per-night reinstallation record",,unknown; recording night is not promoted to a session identifier,dataset/data/11/BCG/11_20231117_BCG.csv
,unknown; not reported per record,figshare:26013157/file:46976602,,unknown; device identity not reported per record,,unknown; source does not report removal/reinstallation boundaries and night is not treated as installation,,unknown; not reported per record,20231118,source recording filename/date token; identifies a recording night only,11,source participant directory,20231118,source filename/date token,participant dormitory sleeping environment,dataset paper protocol; dormitory natural-sleep environment,,unknown; sensor serial/device identity not reported per record,beneath mattress near chest,"dataset paper protocol; dataset-level placement, not a per-night reinstallation record",,unknown; recording night is not promoted to a session identifier,dataset/data/11/BCG/11_20231118_BCG.csv
,unknown; not reported per record,figshare:26013157/file:46976602,,unknown; device identity not reported per record,,unknown; source does not report removal/reinstallation boundaries and night is not treated as installation,,unknown; not reported per record,20231119,source recording filename/date token; identifies a recording night only,11,source participant directory,20231119,source filename/date token,participant dormitory sleeping environment,dataset paper protocol; dormitory natural-sleep environment,,unknown; sensor serial/device identity not reported per record,beneath mattress near chest,"dataset paper protocol; dataset-level placement, not a per-night reinstallation record",,unknown; recording night is not promoted to a session identifier,dataset/data/11/BCG/11_20231119_BCG.csv
,unknown; not reported per record,figshare:26013157/file:46976602,,unknown; device identity not reported per record,,unknown; source does not report removal/reinstallation boundaries and night is not treated as installation,,unknown; not reported per record,20231120,source recording filename/date token; identifies a recording night only,11,source participant directory,20231120,source filename/date token,participant dormitory sleeping environment,dataset paper protocol; dormitory natural-sleep environment,,unknown; sensor serial/device identity not reported per record,beneath mattress near chest,"dataset paper protocol; dataset-level placement, not a per-night reinstallation record",,unknown; recording night is not promoted to a session identifier,dataset/data/11/BCG/11_20231120_BCG.csv
,unknown; not reported per record,figshare:26013157/file:46976602,,unknown; device identity not reported per record,,unknown; source does not report removal/reinstallation boundaries and night is not treated as installation,,unknown; not reported per record,20231121,source recording filename/date token; identifies a recording night only,11,source participant directory,20231121,source filename/date token,participant dormitory sleeping environment,dataset paper protocol; dormitory natural-sleep environment,,unknown; sensor serial/device identity not reported per record,beneath mattress near chest,"dataset paper protocol; dataset-level placement, not a per-night reinstallation record",,unknown; recording night is not promoted to a session identifier,dataset/data/11/BCG/11_20231121_BCG.csv
,unknown; not reported per record,figshare:26013157/file:46976602,,unknown; device identity not reported per record,,unknown; source does not report removal/reinstallation boundaries and night is not treated as installation,,unknown; not reported per record,20231122,source recording filename/date token; identifies a recording night only,11,source participant directory,20231122,source filename/date token,participant dormitory sleeping environment,dataset paper protocol; dormitory natural-sleep environment,,unknown; sensor serial/device identity not reported per record,beneath mattress near chest,"dataset paper protocol; dataset-level placement, not a per-night reinstallation record",,unknown; recording night is not promoted to a session identifier,dataset/data/11/BCG/11_20231122_BCG.csv
,unknown; not reported per record,figshare:26013157/file:46976602,,unknown; device identity not reported per record,,unknown; source does not report removal/reinstallation boundaries and night is not treated as installation,,unknown; not reported per record,20231123,source recording filename/date token; identifies a recording night only,11,source participant directory,20231123,source filename/date token,participant dormitory sleeping environment,dataset paper protocol; dormitory natural-sleep environment,,unknown; sensor serial/device identity not reported per record,beneath mattress near chest,"dataset paper protocol; dataset-level placement, not a per-night reinstallation record",,unknown; recording night is not promoted to a session identifier,dataset/data/11/BCG/11_20231123_BCG.csv
,unknown; not reported per record,figshare:26013157/file:46976602,,unknown; device identity not reported per record,,unknown; source does not report removal/reinstallation boundaries and night is not treated as installation,,unknown; not reported per record,20231117,source recording filename/date token; identifies a recording night only,12,source participant directory,20231117,source filename/date token,participant dormitory sleeping environment,dataset paper protocol; dormitory natural-sleep environment,,unknown; sensor serial/device identity not reported per record,beneath mattress near chest,"dataset paper protocol; dataset-level placement, not a per-night reinstallation record",,unknown; recording night is not promoted to a session identifier,dataset/data/12/BCG/12_20231117_BCG.csv
,unknown; not reported per record,figshare:26013157/file:46976602,,unknown; device identity not reported per record,,unknown; source does not report removal/reinstallation boundaries and night is not treated as installation,,unknown; not reported per record,20231118,source recording filename/date token; identifies a recording night only,12,source participant directory,20231118,source filename/date token,participant dormitory sleeping environment,dataset paper protocol; dormitory natural-sleep environment,,unknown; sensor serial/device identity not reported per record,beneath mattress near chest,"dataset paper protocol; dataset-level placement, not a per-night reinstallation record",,unknown; recording night is not promoted to a session identifier,dataset/data/12/BCG/12_20231118_BCG.csv
,unknown; not reported per record,figshare:26013157/file:46976602,,unknown; device identity not reported per record,,unknown; source does not report removal/reinstallation boundaries and night is not treated as installation,,unknown; not reported per record,20231119,source recording filename/date token; identifies a recording night only,12,source participant directory,20231119,source filename/date token,participant dormitory sleeping environment,dataset paper protocol; dormitory natural-sleep environment,,unknown; sensor serial/device identity not reported per record,beneath mattress near chest,"dataset paper protocol; dataset-level placement, not a per-night reinstallation record",,unknown; recording night is not promoted to a session identifier,dataset/data/12/BCG/12_20231119_BCG.csv
,unknown; not reported per record,figshare:26013157/file:46976602,,unknown; device identity not reported per record,,unknown; source does not report removal/reinstallation boundaries and night is not treated as installation,,unknown; not reported per record,20231120,source recording filename/date token; identifies a recording night only,12,source participant directory,20231120,source filename/date token,participant dormitory sleeping environment,dataset paper protocol; dormitory natural-sleep environment,,unknown; sensor serial/device identity not reported per record,beneath mattress near chest,"dataset paper protocol; dataset-level placement, not a per-night reinstallation record",,unknown; recording night is not promoted to a session identifier,dataset/data/12/BCG/12_20231120_BCG.csv
,unknown; not reported per record,figshare:26013157/file:46976602,,unknown; device identity not reported per record,,unknown; source does not report removal/reinstallation boundaries and night is not treated as installation,,unknown; not reported per record,20231121,source recording filename/date token; identifies a recording night only,12,source participant directory,20231121,source filename/date token,participant dormitory sleeping environment,dataset paper protocol; dormitory natural-sleep environment,,unknown; sensor serial/device identity not reported per record,beneath mattress near chest,"dataset paper protocol; dataset-level placement, not a per-night reinstallation record",,unknown; recording night is not promoted to a session identifier,dataset/data/12/BCG/12_20231121_BCG.csv
,unknown; not reported per record,figshare:26013157/file:46976602,,unknown; device identity not reported per record,,unknown; source does not report removal/reinstallation boundaries and night is not treated as installation,,unknown; not reported per record,20231122,source recording filename/date token; identifies a recording night only,12,source participant directory,20231122,source filename/date token,participant dormitory sleeping environment,dataset paper protocol; dormitory natural-sleep environment,,unknown; sensor serial/device identity not reported per record,beneath mattress near chest,"dataset paper protocol; dataset-level placement, not a per-night reinstallation record",,unknown; recording night is not promoted to a session identifier,dataset/data/12/BCG/12_20231122_BCG.csv
,unknown; not reported per record,figshare:26013157/file:46976602,,unknown; device identity not reported per record,,unknown; source does not report removal/reinstallation boundaries and night is not treated as installation,,unknown; not reported per record,20231123,source recording filename/date token; identifies a recording night only,12,source participant directory,20231123,source filename/date token,participant dormitory sleeping environment,dataset paper protocol; dormitory natural-sleep environment,,unknown; sensor serial/device identity not reported per record,beneath mattress near chest,"dataset paper protocol; dataset-level placement, not a per-night reinstallation record",,unknown; recording night is not promoted to a session identifier,dataset/data/12/BCG/12_20231123_BCG.csv
,unknown; not reported per record,figshare:26013157/file:46976602,,unknown; device identity not reported per record,,unknown; source does not report removal/reinstallation boundaries and night is not treated as installation,,unknown; not reported per record,20231118,source recording filename/date token; identifies a recording night only,13,source participant directory,20231118,source filename/date token,participant dormitory sleeping environment,dataset paper protocol; dormitory natural-sleep environment,,unknown; sensor serial/device identity not reported per record,beneath mattress near chest,"dataset paper protocol; dataset-level placement, not a per-night reinstallation record",,unknown; recording night is not promoted to a session identifier,dataset/data/13/BCG/13_20231118_BCG.csv
,unknown; not reported per record,figshare:26013157/file:46976602,,unknown; device identity not reported per record,,unknown; source does not report removal/reinstallation boundaries and night is not treated as installation,,unknown; not reported per record,20231119,source recording filename/date token; identifies a recording night only,13,source participant directory,20231119,source filename/date token,participant dormitory sleeping environment,dataset paper protocol; dormitory natural-sleep environment,,unknown; sensor serial/device identity not reported per record,beneath mattress near chest,"dataset paper protocol; dataset-level placement, not a per-night reinstallation record",,unknown; recording night is not promoted to a session identifier,dataset/data/13/BCG/13_20231119_BCG.csv
,unknown; not reported per record,figshare:26013157/file:46976602,,unknown; device identity not reported per record,,unknown; source does not report removal/reinstallation boundaries and night is not treated as installation,,unknown; not reported per record,20231120,source recording filename/date token; identifies a recording night only,13,source participant directory,20231120,source filename/date token,participant dormitory sleeping environment,dataset paper protocol; dormitory natural-sleep environment,,unknown; sensor serial/device identity not reported per record,beneath mattress near chest,"dataset paper protocol; dataset-level placement, not a per-night reinstallation record",,unknown; recording night is not promoted to a session identifier,dataset/data/13/BCG/13_20231120_BCG.csv
,unknown; not reported per record,figshare:26013157/file:46976602,,unknown; device identity not reported per record,,unknown; source does not report removal/reinstallation boundaries and night is not treated as installation,,unknown; not reported per record,20231121,source recording filename/date token; identifies a recording night only,13,source participant directory,20231121,source filename/date token,participant dormitory sleeping environment,dataset paper protocol; dormitory natural-sleep environment,,unknown; sensor serial/device identity not reported per record,beneath mattress near chest,"dataset paper protocol; dataset-level placement, not a per-night reinstallation record",,unknown; recording night is not promoted to a session identifier,dataset/data/13/BCG/13_20231121_BCG.csv
,unknown; not reported per record,figshare:26013157/file:46976602,,unknown; device identity not reported per record,,unknown; source does not report removal/reinstallation boundaries and night is not treated as installation,,unknown; not reported per record,20231123,source recording filename/date token; identifies a recording night only,13,source participant directory,20231123,source filename/date token,participant dormitory sleeping environment,dataset paper protocol; dormitory natural-sleep environment,,unknown; sensor serial/device identity not reported per record,beneath mattress near chest,"dataset paper protocol; dataset-level placement, not a per-night reinstallation record",,unknown; recording night is not promoted to a session identifier,dataset/data/13/BCG/13_20231123_BCG.csv
,unknown; not reported per record,figshare:26013157/file:46976602,,unknown; device identity not reported per record,,unknown; source does not report removal/reinstallation boundaries and night is not treated as installation,,unknown; not reported per record,20231118,source recording filename/date token; identifies a recording night only,14,source participant directory,20231118,source filename/date token,participant dormitory sleeping environment,dataset paper protocol; dormitory natural-sleep environment,,unknown; sensor serial/device identity not reported per record,beneath mattress near chest,"dataset paper protocol; dataset-level placement, not a per-night reinstallation record",,unknown; recording night is not promoted to a session identifier,dataset/data/14/BCG/14_20231118_BCG.csv
,unknown; not reported per record,figshare:26013157/file:46976602,,unknown; device identity not reported per record,,unknown; source does not report removal/reinstallation boundaries and night is not treated as installation,,unknown; not reported per record,20231119,source recording filename/date token; identifies a recording night only,14,source participant directory,20231119,source filename/date token,participant dormitory sleeping environment,dataset paper protocol; dormitory natural-sleep environment,,unknown; sensor serial/device identity not reported per record,beneath mattress near chest,"dataset paper protocol; dataset-level placement, not a per-night reinstallation record",,unknown; recording night is not promoted to a session identifier,dataset/data/14/BCG/14_20231119_BCG.csv
,unknown; not reported per record,figshare:26013157/file:46976602,,unknown; device identity not reported per record,,unknown; source does not report removal/reinstallation boundaries and night is not treated as installation,,unknown; not reported per record,20231120,source recording filename/date token; identifies a recording night only,14,source participant directory,20231120,source filename/date token,participant dormitory sleeping environment,dataset paper protocol; dormitory natural-sleep environment,,unknown; sensor serial/device identity not reported per record,beneath mattress near chest,"dataset paper protocol; dataset-level placement, not a per-night reinstallation record",,unknown; recording night is not promoted to a session identifier,dataset/data/14/BCG/14_20231120_BCG.csv
,unknown; not reported per record,figshare:26013157/file:46976602,,unknown; device identity not reported per record,,unknown; source does not report removal/reinstallation boundaries and night is not treated as installation,,unknown; not reported per record,20231121,source recording filename/date token; identifies a recording night only,14,source participant directory,20231121,source filename/date token,participant dormitory sleeping environment,dataset paper protocol; dormitory natural-sleep environment,,unknown; sensor serial/device identity not reported per record,beneath mattress near chest,"dataset paper protocol; dataset-level placement, not a per-night reinstallation record",,unknown; recording night is not promoted to a session identifier,dataset/data/14/BCG/14_20231121_BCG.csv
,unknown; not reported per record,figshare:26013157/file:46976602,,unknown; device identity not reported per record,,unknown; source does not report removal/reinstallation boundaries and night is not treated as installation,,unknown; not reported per record,20231122,source recording filename/date token; identifies a recording night only,14,source participant directory,20231122,source filename/date token,participant dormitory sleeping environment,dataset paper protocol; dormitory natural-sleep environment,,unknown; sensor serial/device identity not reported per record,beneath mattress near chest,"dataset paper protocol; dataset-level placement, not a per-night reinstallation record",,unknown; recording night is not promoted to a session identifier,dataset/data/14/BCG/14_20231122_BCG.csv
,unknown; not reported per record,figshare:26013157/file:46976602,,unknown; device identity not reported per record,,unknown; source does not report removal/reinstallation boundaries and night is not treated as installation,,unknown; not reported per record,20231123,source recording filename/date token; identifies a recording night only,14,source participant directory,20231123,source filename/date token,participant dormitory sleeping environment,dataset paper protocol; dormitory natural-sleep environment,,unknown; sensor serial/device identity not reported per record,beneath mattress near chest,"dataset paper protocol; dataset-level placement, not a per-night reinstallation record",,unknown; recording night is not promoted to a session identifier,dataset/data/14/BCG/14_20231123_BCG.csv
,unknown; not reported per record,figshare:26013157/file:46976602,,unknown; device identity not reported per record,,unknown; source does not report removal/reinstallation boundaries and night is not treated as installation,,unknown; not reported per record,20231117,source recording filename/date token; identifies a recording night only,15,source participant directory,20231117,source filename/date token,participant dormitory sleeping environment,dataset paper protocol; dormitory natural-sleep environment,,unknown; sensor serial/device identity not reported per record,beneath mattress near chest,"dataset paper protocol; dataset-level placement, not a per-night reinstallation record",,unknown; recording night is not promoted to a session identifier,dataset/data/15/BCG/15_20231117_BCG.csv
,unknown; not reported per record,figshare:26013157/file:46976602,,unknown; device identity not reported per record,,unknown; source does not report removal/reinstallation boundaries and night is not treated as installation,,unknown; not reported per record,20231118,source recording filename/date token; identifies a recording night only,15,source participant directory,20231118,source filename/date token,participant dormitory sleeping environment,dataset paper protocol; dormitory natural-sleep environment,,unknown; sensor serial/device identity not reported per record,beneath mattress near chest,"dataset paper protocol; dataset-level placement, not a per-night reinstallation record",,unknown; recording night is not promoted to a session identifier,dataset/data/15/BCG/15_20231118_BCG.csv
,unknown; not reported per record,figshare:26013157/file:46976602,,unknown; device identity not reported per record,,unknown; source does not report removal/reinstallation boundaries and night is not treated as installation,,unknown; not reported per record,20231119,source recording filename/date token; identifies a recording night only,15,source participant directory,20231119,source filename/date token,participant dormitory sleeping environment,dataset paper protocol; dormitory natural-sleep environment,,unknown; sensor serial/device identity not reported per record,beneath mattress near chest,"dataset paper protocol; dataset-level placement, not a per-night reinstallation record",,unknown; recording night is not promoted to a session identifier,dataset/data/15/BCG/15_20231119_BCG.csv
,unknown; not reported per record,figshare:26013157/file:46976602,,unknown; device identity not reported per record,,unknown; source does not report removal/reinstallation boundaries and night is not treated as installation,,unknown; not reported per record,20231120,source recording filename/date token; identifies a recording night only,15,source participant directory,20231120,source filename/date token,participant dormitory sleeping environment,dataset paper protocol; dormitory natural-sleep environment,,unknown; sensor serial/device identity not reported per record,beneath mattress near chest,"dataset paper protocol; dataset-level placement, not a per-night reinstallation record",,unknown; recording night is not promoted to a session identifier,dataset/data/15/BCG/15_20231120_BCG.csv
,unknown; not reported per record,figshare:26013157/file:46976602,,unknown; device identity not reported per record,,unknown; source does not report removal/reinstallation boundaries and night is not treated as installation,,unknown; not reported per record,20231121,source recording filename/date token; identifies a recording night only,15,source participant directory,20231121,source filename/date token,participant dormitory sleeping environment,dataset paper protocol; dormitory natural-sleep environment,,unknown; sensor serial/device identity not reported per record,beneath mattress near chest,"dataset paper protocol; dataset-level placement, not a per-night reinstallation record",,unknown; recording night is not promoted to a session identifier,dataset/data/15/BCG/15_20231121_BCG.csv
,unknown; not reported per record,figshare:26013157/file:46976602,,unknown; device identity not reported per record,,unknown; source does not report removal/reinstallation boundaries and night is not treated as installation,,unknown; not reported per record,20231122,source recording filename/date token; identifies a recording night only,15,source participant directory,20231122,source filename/date token,participant dormitory sleeping environment,dataset paper protocol; dormitory natural-sleep environment,,unknown; sensor serial/device identity not reported per record,beneath mattress near chest,"dataset paper protocol; dataset-level placement, not a per-night reinstallation record",,unknown; recording night is not promoted to a session identifier,dataset/data/15/BCG/15_20231122_BCG.csv
,unknown; not reported per record,figshare:26013157/file:46976602,,unknown; device identity not reported per record,,unknown; source does not report removal/reinstallation boundaries and night is not treated as installation,,unknown; not reported per record,20231123,source recording filename/date token; identifies a recording night only,15,source participant directory,20231123,source filename/date token,participant dormitory sleeping environment,dataset paper protocol; dormitory natural-sleep environment,,unknown; sensor serial/device identity not reported per record,beneath mattress near chest,"dataset paper protocol; dataset-level placement, not a per-night reinstallation record",,unknown; recording night is not promoted to a session identifier,dataset/data/15/BCG/15_20231123_BCG.csv
,unknown; not reported per record,figshare:26013157/file:46976602,,unknown; device identity not reported per record,,unknown; source does not report removal/reinstallation boundaries and night is not treated as installation,,unknown; not reported per record,20231124,source recording filename/date token; identifies a recording night only,16,source participant directory,20231124,source filename/date token,participant dormitory sleeping environment,dataset paper protocol; dormitory natural-sleep environment,,unknown; sensor serial/device identity not reported per record,beneath mattress near chest,"dataset paper protocol; dataset-level placement, not a per-night reinstallation record",,unknown; recording night is not promoted to a session identifier,dataset/data/16/BCG/16_20231124_BCG.csv
,unknown; not reported per record,figshare:26013157/file:46976602,,unknown; device identity not reported per record,,unknown; source does not report removal/reinstallation boundaries and night is not treated as installation,,unknown; not reported per record,20231125,source recording filename/date token; identifies a recording night only,16,source participant directory,20231125,source filename/date token,participant dormitory sleeping environment,dataset paper protocol; dormitory natural-sleep environment,,unknown; sensor serial/device identity not reported per record,beneath mattress near chest,"dataset paper protocol; dataset-level placement, not a per-night reinstallation record",,unknown; recording night is not promoted to a session identifier,dataset/data/16/BCG/16_20231125_BCG.csv
,unknown; not reported per record,figshare:26013157/file:46976602,,unknown; device identity not reported per record,,unknown; source does not report removal/reinstallation boundaries and night is not treated as installation,,unknown; not reported per record,20231126,source recording filename/date token; identifies a recording night only,16,source participant directory,20231126,source filename/date token,participant dormitory sleeping environment,dataset paper protocol; dormitory natural-sleep environment,,unknown; sensor serial/device identity not reported per record,beneath mattress near chest,"dataset paper protocol; dataset-level placement, not a per-night reinstallation record",,unknown; recording night is not promoted to a session identifier,dataset/data/16/BCG/16_20231126_BCG.csv
,unknown; not reported per record,figshare:26013157/file:46976602,,unknown; device identity not reported per record,,unknown; source does not report removal/reinstallation boundaries and night is not treated as installation,,unknown; not reported per record,20231127,source recording filename/date token; identifies a recording night only,16,source participant directory,20231127,source filename/date token,participant dormitory sleeping environment,dataset paper protocol; dormitory natural-sleep environment,,unknown; sensor serial/device identity not reported per record,beneath mattress near chest,"dataset paper protocol; dataset-level placement, not a per-night reinstallation record",,unknown; recording night is not promoted to a session identifier,dataset/data/16/BCG/16_20231127_BCG.csv
,unknown; not reported per record,figshare:26013157/file:46976602,,unknown; device identity not reported per record,,unknown; source does not report removal/reinstallation boundaries and night is not treated as installation,,unknown; not reported per record,20231128,source recording filename/date token; identifies a recording night only,16,source participant directory,20231128,source filename/date token,participant dormitory sleeping environment,dataset paper protocol; dormitory natural-sleep environment,,unknown; sensor serial/device identity not reported per record,beneath mattress near chest,"dataset paper protocol; dataset-level placement, not a per-night reinstallation record",,unknown; recording night is not promoted to a session identifier,dataset/data/16/BCG/16_20231128_BCG.csv
,unknown; not reported per record,figshare:26013157/file:46976602,,unknown; device identity not reported per record,,unknown; source does not report removal/reinstallation boundaries and night is not treated as installation,,unknown; not reported per record,20231129,source recording filename/date token; identifies a recording night only,16,source participant directory,20231129,source filename/date token,participant dormitory sleeping environment,dataset paper protocol; dormitory natural-sleep environment,,unknown; sensor serial/device identity not reported per record,beneath mattress near chest,"dataset paper protocol; dataset-level placement, not a per-night reinstallation record",,unknown; recording night is not promoted to a session identifier,dataset/data/16/BCG/16_20231129_BCG.csv
,unknown; not reported per record,figshare:26013157/file:46976602,,unknown; device identity not reported per record,,unknown; source does not report removal/reinstallation boundaries and night is not treated as installation,,unknown; not reported per record,20231130,source recording filename/date token; identifies a recording night only,16,source participant directory,20231130,source filename/date token,participant dormitory sleeping environment,dataset paper protocol; dormitory natural-sleep environment,,unknown; sensor serial/device identity not reported per record,beneath mattress near chest,"dataset paper protocol; dataset-level placement, not a per-night reinstallation record",,unknown; recording night is not promoted to a session identifier,dataset/data/16/BCG/16_20231130_BCG.csv
,unknown; not reported per record,figshare:26013157/file:46976602,,unknown; device identity not reported per record,,unknown; source does not report removal/reinstallation boundaries and night is not treated as installation,,unknown; not reported per record,20231124,source recording filename/date token; identifies a recording night only,17,source participant directory,20231124,source filename/date token,participant dormitory sleeping environment,dataset paper protocol; dormitory natural-sleep environment,,unknown; sensor serial/device identity not reported per record,beneath mattress near chest,"dataset paper protocol; dataset-level placement, not a per-night reinstallation record",,unknown; recording night is not promoted to a session identifier,dataset/data/17/BCG/17_20231124_BCG.csv
,unknown; not reported per record,figshare:26013157/file:46976602,,unknown; device identity not reported per record,,unknown; source does not report removal/reinstallation boundaries and night is not treated as installation,,unknown; not reported per record,20231125,source recording filename/date token; identifies a recording night only,17,source participant directory,20231125,source filename/date token,participant dormitory sleeping environment,dataset paper protocol; dormitory natural-sleep environment,,unknown; sensor serial/device identity not reported per record,beneath mattress near chest,"dataset paper protocol; dataset-level placement, not a per-night reinstallation record",,unknown; recording night is not promoted to a session identifier,dataset/data/17/BCG/17_20231125_BCG.csv
,unknown; not reported per record,figshare:26013157/file:46976602,,unknown; device identity not reported per record,,unknown; source does not report removal/reinstallation boundaries and night is not treated as installation,,unknown; not reported per record,20231126,source recording filename/date token; identifies a recording night only,17,source participant directory,20231126,source filename/date token,participant dormitory sleeping environment,dataset paper protocol; dormitory natural-sleep environment,,unknown; sensor serial/device identity not reported per record,beneath mattress near chest,"dataset paper protocol; dataset-level placement, not a per-night reinstallation record",,unknown; recording night is not promoted to a session identifier,dataset/data/17/BCG/17_20231126_BCG.csv
,unknown; not reported per record,figshare:26013157/file:46976602,,unknown; device identity not reported per record,,unknown; source does not report removal/reinstallation boundaries and night is not treated as installation,,unknown; not reported per record,20231128,source recording filename/date token; identifies a recording night only,17,source participant directory,20231128,source filename/date token,participant dormitory sleeping environment,dataset paper protocol; dormitory natural-sleep environment,,unknown; sensor serial/device identity not reported per record,beneath mattress near chest,"dataset paper protocol; dataset-level placement, not a per-night reinstallation record",,unknown; recording night is not promoted to a session identifier,dataset/data/17/BCG/17_20231128_BCG.csv
,unknown; not reported per record,figshare:26013157/file:46976602,,unknown; device identity not reported per record,,unknown; source does not report removal/reinstallation boundaries and night is not treated as installation,,unknown; not reported per record,20231129,source recording filename/date token; identifies a recording night only,17,source participant directory,20231129,source filename/date token,participant dormitory sleeping environment,dataset paper protocol; dormitory natural-sleep environment,,unknown; sensor serial/device identity not reported per record,beneath mattress near chest,"dataset paper protocol; dataset-level placement, not a per-night reinstallation record",,unknown; recording night is not promoted to a session identifier,dataset/data/17/BCG/17_20231129_BCG.csv
,unknown; not reported per record,figshare:26013157/file:46976602,,unknown; device identity not reported per record,,unknown; source does not report removal/reinstallation boundaries and night is not treated as installation,,unknown; not reported per record,20231124,source recording filename/date token; identifies a recording night only,18,source participant directory,20231124,source filename/date token,participant dormitory sleeping environment,dataset paper protocol; dormitory natural-sleep environment,,unknown; sensor serial/device identity not reported per record,beneath mattress near chest,"dataset paper protocol; dataset-level placement, not a per-night reinstallation record",,unknown; recording night is not promoted to a session identifier,dataset/data/18/BCG/18_20231124_BCG.csv
,unknown; not reported per record,figshare:26013157/file:46976602,,unknown; device identity not reported per record,,unknown; source does not report removal/reinstallation boundaries and night is not treated as installation,,unknown; not reported per record,20231125,source recording filename/date token; identifies a recording night only,18,source participant directory,20231125,source filename/date token,participant dormitory sleeping environment,dataset paper protocol; dormitory natural-sleep environment,,unknown; sensor serial/device identity not reported per record,beneath mattress near chest,"dataset paper protocol; dataset-level placement, not a per-night reinstallation record",,unknown; recording night is not promoted to a session identifier,dataset/data/18/BCG/18_20231125_BCG.csv
,unknown; not reported per record,figshare:26013157/file:46976602,,unknown; device identity not reported per record,,unknown; source does not report removal/reinstallation boundaries and night is not treated as installation,,unknown; not reported per record,20231126,source recording filename/date token; identifies a recording night only,18,source participant directory,20231126,source filename/date token,participant dormitory sleeping environment,dataset paper protocol; dormitory natural-sleep environment,,unknown; sensor serial/device identity not reported per record,beneath mattress near chest,"dataset paper protocol; dataset-level placement, not a per-night reinstallation record",,unknown; recording night is not promoted to a session identifier,dataset/data/18/BCG/18_20231126_BCG.csv
,unknown; not reported per record,figshare:26013157/file:46976602,,unknown; device identity not reported per record,,unknown; source does not report removal/reinstallation boundaries and night is not treated as installation,,unknown; not reported per record,20231127,source recording filename/date token; identifies a recording night only,18,source participant directory,20231127,source filename/date token,participant dormitory sleeping environment,dataset paper protocol; dormitory natural-sleep environment,,unknown; sensor serial/device identity not reported per record,beneath mattress near chest,"dataset paper protocol; dataset-level placement, not a per-night reinstallation record",,unknown; recording night is not promoted to a session identifier,dataset/data/18/BCG/18_20231127_BCG.csv
,unknown; not reported per record,figshare:26013157/file:46976602,,unknown; device identity not reported per record,,unknown; source does not report removal/reinstallation boundaries and night is not treated as installation,,unknown; not reported per record,20231128,source recording filename/date token; identifies a recording night only,18,source participant directory,20231128,source filename/date token,participant dormitory sleeping environment,dataset paper protocol; dormitory natural-sleep environment,,unknown; sensor serial/device identity not reported per record,beneath mattress near chest,"dataset paper protocol; dataset-level placement, not a per-night reinstallation record",,unknown; recording night is not promoted to a session identifier,dataset/data/18/BCG/18_20231128_BCG.csv
,unknown; not reported per record,figshare:26013157/file:46976602,,unknown; device identity not reported per record,,unknown; source does not report removal/reinstallation boundaries and night is not treated as installation,,unknown; not reported per record,20231129,source recording filename/date token; identifies a recording night only,18,source participant directory,20231129,source filename/date token,participant dormitory sleeping environment,dataset paper protocol; dormitory natural-sleep environment,,unknown; sensor serial/device identity not reported per record,beneath mattress near chest,"dataset paper protocol; dataset-level placement, not a per-night reinstallation record",,unknown; recording night is not promoted to a session identifier,dataset/data/18/BCG/18_20231129_BCG.csv
,unknown; not reported per record,figshare:26013157/file:46976602,,unknown; device identity not reported per record,,unknown; source does not report removal/reinstallation boundaries and night is not treated as installation,,unknown; not reported per record,20231130,source recording filename/date token; identifies a recording night only,18,source participant directory,20231130,source filename/date token,participant dormitory sleeping environment,dataset paper protocol; dormitory natural-sleep environment,,unknown; sensor serial/device identity not reported per record,beneath mattress near chest,"dataset paper protocol; dataset-level placement, not a per-night reinstallation record",,unknown; recording night is not promoted to a session identifier,dataset/data/18/BCG/18_20231130_BCG.csv
,unknown; not reported per record,figshare:26013157/file:46976602,,unknown; device identity not reported per record,,unknown; source does not report removal/reinstallation boundaries and night is not treated as installation,,unknown; not reported per record,20231124,source recording filename/date token; identifies a recording night only,19,source participant directory,20231124,source filename/date token,participant dormitory sleeping environment,dataset paper protocol; dormitory natural-sleep environment,,unknown; sensor serial/device identity not reported per record,beneath mattress near chest,"dataset paper protocol; dataset-level placement, not a per-night reinstallation record",,unknown; recording night is not promoted to a session identifier,dataset/data/19/BCG/19_20231124_BCG.csv
,unknown; not reported per record,figshare:26013157/file:46976602,,unknown; device identity not reported per record,,unknown; source does not report removal/reinstallation boundaries and night is not treated as installation,,unknown; not reported per record,20231125,source recording filename/date token; identifies a recording night only,19,source participant directory,20231125,source filename/date token,participant dormitory sleeping environment,dataset paper protocol; dormitory natural-sleep environment,,unknown; sensor serial/device identity not reported per record,beneath mattress near chest,"dataset paper protocol; dataset-level placement, not a per-night reinstallation record",,unknown; recording night is not promoted to a session identifier,dataset/data/19/BCG/19_20231125_BCG.csv
,unknown; not reported per record,figshare:26013157/file:46976602,,unknown; device identity not reported per record,,unknown; source does not report removal/reinstallation boundaries and night is not treated as installation,,unknown; not reported per record,20231126,source recording filename/date token; identifies a recording night only,19,source participant directory,20231126,source filename/date token,participant dormitory sleeping environment,dataset paper protocol; dormitory natural-sleep environment,,unknown; sensor serial/device identity not reported per record,beneath mattress near chest,"dataset paper protocol; dataset-level placement, not a per-night reinstallation record",,unknown; recording night is not promoted to a session identifier,dataset/data/19/BCG/19_20231126_BCG.csv
,unknown; not reported per record,figshare:26013157/file:46976602,,unknown; device identity not reported per record,,unknown; source does not report removal/reinstallation boundaries and night is not treated as installation,,unknown; not reported per record,20231127,source recording filename/date token; identifies a recording night only,19,source participant directory,20231127,source filename/date token,participant dormitory sleeping environment,dataset paper protocol; dormitory natural-sleep environment,,unknown; sensor serial/device identity not reported per record,beneath mattress near chest,"dataset paper protocol; dataset-level placement, not a per-night reinstallation record",,unknown; recording night is not promoted to a session identifier,dataset/data/19/BCG/19_20231127_BCG.csv
,unknown; not reported per record,figshare:26013157/file:46976602,,unknown; device identity not reported per record,,unknown; source does not report removal/reinstallation boundaries and night is not treated as installation,,unknown; not reported per record,20231128,source recording filename/date token; identifies a recording night only,19,source participant directory,20231128,source filename/date token,participant dormitory sleeping environment,dataset paper protocol; dormitory natural-sleep environment,,unknown; sensor serial/device identity not reported per record,beneath mattress near chest,"dataset paper protocol; dataset-level placement, not a per-night reinstallation record",,unknown; recording night is not promoted to a session identifier,dataset/data/19/BCG/19_20231128_BCG.csv
,unknown; not reported per record,figshare:26013157/file:46976602,,unknown; device identity not reported per record,,unknown; source does not report removal/reinstallation boundaries and night is not treated as installation,,unknown; not reported per record,20231129,source recording filename/date token; identifies a recording night only,19,source participant directory,20231129,source filename/date token,participant dormitory sleeping environment,dataset paper protocol; dormitory natural-sleep environment,,unknown; sensor serial/device identity not reported per record,beneath mattress near chest,"dataset paper protocol; dataset-level placement, not a per-night reinstallation record",,unknown; recording night is not promoted to a session identifier,dataset/data/19/BCG/19_20231129_BCG.csv
,unknown; not reported per record,figshare:26013157/file:46976602,,unknown; device identity not reported per record,,unknown; source does not report removal/reinstallation boundaries and night is not treated as installation,,unknown; not reported per record,20231130,source recording filename/date token; identifies a recording night only,19,source participant directory,20231130,source filename/date token,participant dormitory sleeping environment,dataset paper protocol; dormitory natural-sleep environment,,unknown; sensor serial/device identity not reported per record,beneath mattress near chest,"dataset paper protocol; dataset-level placement, not a per-night reinstallation record",,unknown; recording night is not promoted to a session identifier,dataset/data/19/BCG/19_20231130_BCG.csv
,unknown; not reported per record,figshare:26013157/file:46976602,,unknown; device identity not reported per record,,unknown; source does not report removal/reinstallation boundaries and night is not treated as installation,,unknown; not reported per record,20231124,source recording filename/date token; identifies a recording night only,20,source participant directory,20231124,source filename/date token,participant dormitory sleeping environment,dataset paper protocol; dormitory natural-sleep environment,,unknown; sensor serial/device identity not reported per record,beneath mattress near chest,"dataset paper protocol; dataset-level placement, not a per-night reinstallation record",,unknown; recording night is not promoted to a session identifier,dataset/data/20/BCG/20_20231124_BCG.csv
,unknown; not reported per record,figshare:26013157/file:46976602,,unknown; device identity not reported per record,,unknown; source does not report removal/reinstallation boundaries and night is not treated as installation,,unknown; not reported per record,20231125,source recording filename/date token; identifies a recording night only,20,source participant directory,20231125,source filename/date token,participant dormitory sleeping environment,dataset paper protocol; dormitory natural-sleep environment,,unknown; sensor serial/device identity not reported per record,beneath mattress near chest,"dataset paper protocol; dataset-level placement, not a per-night reinstallation record",,unknown; recording night is not promoted to a session identifier,dataset/data/20/BCG/20_20231125_BCG.csv
,unknown; not reported per record,figshare:26013157/file:46976602,,unknown; device identity not reported per record,,unknown; source does not report removal/reinstallation boundaries and night is not treated as installation,,unknown; not reported per record,20231126,source recording filename/date token; identifies a recording night only,20,source participant directory,20231126,source filename/date token,participant dormitory sleeping environment,dataset paper protocol; dormitory natural-sleep environment,,unknown; sensor serial/device identity not reported per record,beneath mattress near chest,"dataset paper protocol; dataset-level placement, not a per-night reinstallation record",,unknown; recording night is not promoted to a session identifier,dataset/data/20/BCG/20_20231126_BCG.csv
,unknown; not reported per record,figshare:26013157/file:46976602,,unknown; device identity not reported per record,,unknown; source does not report removal/reinstallation boundaries and night is not treated as installation,,unknown; not reported per record,20231127,source recording filename/date token; identifies a recording night only,20,source participant directory,20231127,source filename/date token,participant dormitory sleeping environment,dataset paper protocol; dormitory natural-sleep environment,,unknown; sensor serial/device identity not reported per record,beneath mattress near chest,"dataset paper protocol; dataset-level placement, not a per-night reinstallation record",,unknown; recording night is not promoted to a session identifier,dataset/data/20/BCG/20_20231127_BCG.csv
,unknown; not reported per record,figshare:26013157/file:46976602,,unknown; device identity not reported per record,,unknown; source does not report removal/reinstallation boundaries and night is not treated as installation,,unknown; not reported per record,20231128,source recording filename/date token; identifies a recording night only,20,source participant directory,20231128,source filename/date token,participant dormitory sleeping environment,dataset paper protocol; dormitory natural-sleep environment,,unknown; sensor serial/device identity not reported per record,beneath mattress near chest,"dataset paper protocol; dataset-level placement, not a per-night reinstallation record",,unknown; recording night is not promoted to a session identifier,dataset/data/20/BCG/20_20231128_BCG.csv
,unknown; not reported per record,figshare:26013157/file:46976602,,unknown; device identity not reported per record,,unknown; source does not report removal/reinstallation boundaries and night is not treated as installation,,unknown; not reported per record,20231129,source recording filename/date token; identifies a recording night only,20,source participant directory,20231129,source filename/date token,participant dormitory sleeping environment,dataset paper protocol; dormitory natural-sleep environment,,unknown; sensor serial/device identity not reported per record,beneath mattress near chest,"dataset paper protocol; dataset-level placement, not a per-night reinstallation record",,unknown; recording night is not promoted to a session identifier,dataset/data/20/BCG/20_20231129_BCG.csv
,unknown; not reported per record,figshare:26013157/file:46976602,,unknown; device identity not reported per record,,unknown; source does not report removal/reinstallation boundaries and night is not treated as installation,,unknown; not reported per record,20231130,source recording filename/date token; identifies a recording night only,20,source participant directory,20231130,source filename/date token,participant dormitory sleeping environment,dataset paper protocol; dormitory natural-sleep environment,,unknown; sensor serial/device identity not reported per record,beneath mattress near chest,"dataset paper protocol; dataset-level placement, not a per-night reinstallation record",,unknown; recording night is not promoted to a session identifier,dataset/data/20/BCG/20_20231130_BCG.csv
,unknown; not reported per record,figshare:26013157/file:46976602,,unknown; device identity not reported per record,,unknown; source does not report removal/reinstallation boundaries and night is not treated as installation,,unknown; not reported per record,20231201,source recording filename/date token; identifies a recording night only,21,source participant directory,20231201,source filename/date token,participant dormitory sleeping environment,dataset paper protocol; dormitory natural-sleep environment,,unknown; sensor serial/device identity not reported per record,beneath mattress near chest,"dataset paper protocol; dataset-level placement, not a per-night reinstallation record",,unknown; recording night is not promoted to a session identifier,dataset/data/21/BCG/21_20231201_BCG.csv
,unknown; not reported per record,figshare:26013157/file:46976602,,unknown; device identity not reported per record,,unknown; source does not report removal/reinstallation boundaries and night is not treated as installation,,unknown; not reported per record,20231202,source recording filename/date token; identifies a recording night only,21,source participant directory,20231202,source filename/date token,participant dormitory sleeping environment,dataset paper protocol; dormitory natural-sleep environment,,unknown; sensor serial/device identity not reported per record,beneath mattress near chest,"dataset paper protocol; dataset-level placement, not a per-night reinstallation record",,unknown; recording night is not promoted to a session identifier,dataset/data/21/BCG/21_20231202_BCG.csv
,unknown; not reported per record,figshare:26013157/file:46976602,,unknown; device identity not reported per record,,unknown; source does not report removal/reinstallation boundaries and night is not treated as installation,,unknown; not reported per record,20231203,source recording filename/date token; identifies a recording night only,21,source participant directory,20231203,source filename/date token,participant dormitory sleeping environment,dataset paper protocol; dormitory natural-sleep environment,,unknown; sensor serial/device identity not reported per record,beneath mattress near chest,"dataset paper protocol; dataset-level placement, not a per-night reinstallation record",,unknown; recording night is not promoted to a session identifier,dataset/data/21/BCG/21_20231203_BCG.csv
,unknown; not reported per record,figshare:26013157/file:46976602,,unknown; device identity not reported per record,,unknown; source does not report removal/reinstallation boundaries and night is not treated as installation,,unknown; not reported per record,20231204,source recording filename/date token; identifies a recording night only,21,source participant directory,20231204,source filename/date token,participant dormitory sleeping environment,dataset paper protocol; dormitory natural-sleep environment,,unknown; sensor serial/device identity not reported per record,beneath mattress near chest,"dataset paper protocol; dataset-level placement, not a per-night reinstallation record",,unknown; recording night is not promoted to a session identifier,dataset/data/21/BCG/21_20231204_BCG.csv
,unknown; not reported per record,figshare:26013157/file:46976602,,unknown; device identity not reported per record,,unknown; source does not report removal/reinstallation boundaries and night is not treated as installation,,unknown; not reported per record,20231205,source recording filename/date token; identifies a recording night only,21,source participant directory,20231205,source filename/date token,participant dormitory sleeping environment,dataset paper protocol; dormitory natural-sleep environment,,unknown; sensor serial/device identity not reported per record,beneath mattress near chest,"dataset paper protocol; dataset-level placement, not a per-night reinstallation record",,unknown; recording night is not promoted to a session identifier,dataset/data/21/BCG/21_20231205_BCG.csv
,unknown; not reported per record,figshare:26013157/file:46976602,,unknown; device identity not reported per record,,unknown; source does not report removal/reinstallation boundaries and night is not treated as installation,,unknown; not reported per record,20231206,source recording filename/date token; identifies a recording night only,21,source participant directory,20231206,source filename/date token,participant dormitory sleeping environment,dataset paper protocol; dormitory natural-sleep environment,,unknown; sensor serial/device identity not reported per record,beneath mattress near chest,"dataset paper protocol; dataset-level placement, not a per-night reinstallation record",,unknown; recording night is not promoted to a session identifier,dataset/data/21/BCG/21_20231206_BCG.csv
,unknown; not reported per record,figshare:26013157/file:46976602,,unknown; device identity not reported per record,,unknown; source does not report removal/reinstallation boundaries and night is not treated as installation,,unknown; not reported per record,20231207,source recording filename/date token; identifies a recording night only,21,source participant directory,20231207,source filename/date token,participant dormitory sleeping environment,dataset paper protocol; dormitory natural-sleep environment,,unknown; sensor serial/device identity not reported per record,beneath mattress near chest,"dataset paper protocol; dataset-level placement, not a per-night reinstallation record",,unknown; recording night is not promoted to a session identifier,dataset/data/21/BCG/21_20231207_BCG.csv
,unknown; not reported per record,figshare:26013157/file:46976602,,unknown; device identity not reported per record,,unknown; source does not report removal/reinstallation boundaries and night is not treated as installation,,unknown; not reported per record,20231201,source recording filename/date token; identifies a recording night only,22,source participant directory,20231201,source filename/date token,participant dormitory sleeping environment,dataset paper protocol; dormitory natural-sleep environment,,unknown; sensor serial/device identity not reported per record,beneath mattress near chest,"dataset paper protocol; dataset-level placement, not a per-night reinstallation record",,unknown; recording night is not promoted to a session identifier,dataset/data/22/BCG/22_20231201_BCG.csv
,unknown; not reported per record,figshare:26013157/file:46976602,,unknown; device identity not reported per record,,unknown; source does not report removal/reinstallation boundaries and night is not treated as installation,,unknown; not reported per record,20231202,source recording filename/date token; identifies a recording night only,22,source participant directory,20231202,source filename/date token,participant dormitory sleeping environment,dataset paper protocol; dormitory natural-sleep environment,,unknown; sensor serial/device identity not reported per record,beneath mattress near chest,"dataset paper protocol; dataset-level placement, not a per-night reinstallation record",,unknown; recording night is not promoted to a session identifier,dataset/data/22/BCG/22_20231202_BCG.csv
,unknown; not reported per record,figshare:26013157/file:46976602,,unknown; device identity not reported per record,,unknown; source does not report removal/reinstallation boundaries and night is not treated as installation,,unknown; not reported per record,20231203,source recording filename/date token; identifies a recording night only,22,source participant directory,20231203,source filename/date token,participant dormitory sleeping environment,dataset paper protocol; dormitory natural-sleep environment,,unknown; sensor serial/device identity not reported per record,beneath mattress near chest,"dataset paper protocol; dataset-level placement, not a per-night reinstallation record",,unknown; recording night is not promoted to a session identifier,dataset/data/22/BCG/22_20231203_BCG.csv
,unknown; not reported per record,figshare:26013157/file:46976602,,unknown; device identity not reported per record,,unknown; source does not report removal/reinstallation boundaries and night is not treated as installation,,unknown; not reported per record,20231204,source recording filename/date token; identifies a recording night only,22,source participant directory,20231204,source filename/date token,participant dormitory sleeping environment,dataset paper protocol; dormitory natural-sleep environment,,unknown; sensor serial/device identity not reported per record,beneath mattress near chest,"dataset paper protocol; dataset-level placement, not a per-night reinstallation record",,unknown; recording night is not promoted to a session identifier,dataset/data/22/BCG/22_20231204_BCG.csv
,unknown; not reported per record,figshare:26013157/file:46976602,,unknown; device identity not reported per record,,unknown; source does not report removal/reinstallation boundaries and night is not treated as installation,,unknown; not reported per record,20231206,source recording filename/date token; identifies a recording night only,22,source participant directory,20231206,source filename/date token,participant dormitory sleeping environment,dataset paper protocol; dormitory natural-sleep environment,,unknown; sensor serial/device identity not reported per record,beneath mattress near chest,"dataset paper protocol; dataset-level placement, not a per-night reinstallation record",,unknown; recording night is not promoted to a session identifier,dataset/data/22/BCG/22_20231206_BCG.csv
,unknown; not reported per record,figshare:26013157/file:46976602,,unknown; device identity not reported per record,,unknown; source does not report removal/reinstallation boundaries and night is not treated as installation,,unknown; not reported per record,20231207,source recording filename/date token; identifies a recording night only,22,source participant directory,20231207,source filename/date token,participant dormitory sleeping environment,dataset paper protocol; dormitory natural-sleep environment,,unknown; sensor serial/device identity not reported per record,beneath mattress near chest,"dataset paper protocol; dataset-level placement, not a per-night reinstallation record",,unknown; recording night is not promoted to a session identifier,dataset/data/22/BCG/22_20231207_BCG.csv
,unknown; not reported per record,figshare:26013157/file:46976602,,unknown; device identity not reported per record,,unknown; source does not report removal/reinstallation boundaries and night is not treated as installation,,unknown; not reported per record,20231201,source recording filename/date token; identifies a recording night only,23,source participant directory,20231201,source filename/date token,participant dormitory sleeping environment,dataset paper protocol; dormitory natural-sleep environment,,unknown; sensor serial/device identity not reported per record,beneath mattress near chest,"dataset paper protocol; dataset-level placement, not a per-night reinstallation record",,unknown; recording night is not promoted to a session identifier,dataset/data/23/BCG/23_20231201_BCG.csv
,unknown; not reported per record,figshare:26013157/file:46976602,,unknown; device identity not reported per record,,unknown; source does not report removal/reinstallation boundaries and night is not treated as installation,,unknown; not reported per record,20231202,source recording filename/date token; identifies a recording night only,23,source participant directory,20231202,source filename/date token,participant dormitory sleeping environment,dataset paper protocol; dormitory natural-sleep environment,,unknown; sensor serial/device identity not reported per record,beneath mattress near chest,"dataset paper protocol; dataset-level placement, not a per-night reinstallation record",,unknown; recording night is not promoted to a session identifier,dataset/data/23/BCG/23_20231202_BCG.csv
,unknown; not reported per record,figshare:26013157/file:46976602,,unknown; device identity not reported per record,,unknown; source does not report removal/reinstallation boundaries and night is not treated as installation,,unknown; not reported per record,20231203,source recording filename/date token; identifies a recording night only,23,source participant directory,20231203,source filename/date token,participant dormitory sleeping environment,dataset paper protocol; dormitory natural-sleep environment,,unknown; sensor serial/device identity not reported per record,beneath mattress near chest,"dataset paper protocol; dataset-level placement, not a per-night reinstallation record",,unknown; recording night is not promoted to a session identifier,dataset/data/23/BCG/23_20231203_BCG.csv
,unknown; not reported per record,figshare:26013157/file:46976602,,unknown; device identity not reported per record,,unknown; source does not report removal/reinstallation boundaries and night is not treated as installation,,unknown; not reported per record,20231206,source recording filename/date token; identifies a recording night only,23,source participant directory,20231206,source filename/date token,participant dormitory sleeping environment,dataset paper protocol; dormitory natural-sleep environment,,unknown; sensor serial/device identity not reported per record,beneath mattress near chest,"dataset paper protocol; dataset-level placement, not a per-night reinstallation record",,unknown; recording night is not promoted to a session identifier,dataset/data/23/BCG/23_20231206_BCG.csv
,unknown; not reported per record,figshare:26013157/file:46976602,,unknown; device identity not reported per record,,unknown; source does not report removal/reinstallation boundaries and night is not treated as installation,,unknown; not reported per record,20231207,source recording filename/date token; identifies a recording night only,23,source participant directory,20231207,source filename/date token,participant dormitory sleeping environment,dataset paper protocol; dormitory natural-sleep environment,,unknown; sensor serial/device identity not reported per record,beneath mattress near chest,"dataset paper protocol; dataset-level placement, not a per-night reinstallation record",,unknown; recording night is not promoted to a session identifier,dataset/data/23/BCG/23_20231207_BCG.csv
,unknown; not reported per record,figshare:26013157/file:46976602,,unknown; device identity not reported per record,,unknown; source does not report removal/reinstallation boundaries and night is not treated as installation,,unknown; not reported per record,20231208,source recording filename/date token; identifies a recording night only,23,source participant directory,20231208,source filename/date token,participant dormitory sleeping environment,dataset paper protocol; dormitory natural-sleep environment,,unknown; sensor serial/device identity not reported per record,beneath mattress near chest,"dataset paper protocol; dataset-level placement, not a per-night reinstallation record",,unknown; recording night is not promoted to a session identifier,dataset/data/23/BCG/23_20231208_BCG.csv
,unknown; not reported per record,figshare:26013157/file:46976602,,unknown; device identity not reported per record,,unknown; source does not report removal/reinstallation boundaries and night is not treated as installation,,unknown; not reported per record,20231201,source recording filename/date token; identifies a recording night only,24,source participant directory,20231201,source filename/date token,participant dormitory sleeping environment,dataset paper protocol; dormitory natural-sleep environment,,unknown; sensor serial/device identity not reported per record,beneath mattress near chest,"dataset paper protocol; dataset-level placement, not a per-night reinstallation record",,unknown; recording night is not promoted to a session identifier,dataset/data/24/BCG/24_20231201_BCG.csv
,unknown; not reported per record,figshare:26013157/file:46976602,,unknown; device identity not reported per record,,unknown; source does not report removal/reinstallation boundaries and night is not treated as installation,,unknown; not reported per record,20231202,source recording filename/date token; identifies a recording night only,24,source participant directory,20231202,source filename/date token,participant dormitory sleeping environment,dataset paper protocol; dormitory natural-sleep environment,,unknown; sensor serial/device identity not reported per record,beneath mattress near chest,"dataset paper protocol; dataset-level placement, not a per-night reinstallation record",,unknown; recording night is not promoted to a session identifier,dataset/data/24/BCG/24_20231202_BCG.csv
,unknown; not reported per record,figshare:26013157/file:46976602,,unknown; device identity not reported per record,,unknown; source does not report removal/reinstallation boundaries and night is not treated as installation,,unknown; not reported per record,20231203,source recording filename/date token; identifies a recording night only,24,source participant directory,20231203,source filename/date token,participant dormitory sleeping environment,dataset paper protocol; dormitory natural-sleep environment,,unknown; sensor serial/device identity not reported per record,beneath mattress near chest,"dataset paper protocol; dataset-level placement, not a per-night reinstallation record",,unknown; recording night is not promoted to a session identifier,dataset/data/24/BCG/24_20231203_BCG.csv
,unknown; not reported per record,figshare:26013157/file:46976602,,unknown; device identity not reported per record,,unknown; source does not report removal/reinstallation boundaries and night is not treated as installation,,unknown; not reported per record,20231204,source recording filename/date token; identifies a recording night only,24,source participant directory,20231204,source filename/date token,participant dormitory sleeping environment,dataset paper protocol; dormitory natural-sleep environment,,unknown; sensor serial/device identity not reported per record,beneath mattress near chest,"dataset paper protocol; dataset-level placement, not a per-night reinstallation record",,unknown; recording night is not promoted to a session identifier,dataset/data/24/BCG/24_20231204_BCG.csv
,unknown; not reported per record,figshare:26013157/file:46976602,,unknown; device identity not reported per record,,unknown; source does not report removal/reinstallation boundaries and night is not treated as installation,,unknown; not reported per record,20231205,source recording filename/date token; identifies a recording night only,24,source participant directory,20231205,source filename/date token,participant dormitory sleeping environment,dataset paper protocol; dormitory natural-sleep environment,,unknown; sensor serial/device identity not reported per record,beneath mattress near chest,"dataset paper protocol; dataset-level placement, not a per-night reinstallation record",,unknown; recording night is not promoted to a session identifier,dataset/data/24/BCG/24_20231205_BCG.csv
,unknown; not reported per record,figshare:26013157/file:46976602,,unknown; device identity not reported per record,,unknown; source does not report removal/reinstallation boundaries and night is not treated as installation,,unknown; not reported per record,20231206,source recording filename/date token; identifies a recording night only,24,source participant directory,20231206,source filename/date token,participant dormitory sleeping environment,dataset paper protocol; dormitory natural-sleep environment,,unknown; sensor serial/device identity not reported per record,beneath mattress near chest,"dataset paper protocol; dataset-level placement, not a per-night reinstallation record",,unknown; recording night is not promoted to a session identifier,dataset/data/24/BCG/24_20231206_BCG.csv
,unknown; not reported per record,figshare:26013157/file:46976602,,unknown; device identity not reported per record,,unknown; source does not report removal/reinstallation boundaries and night is not treated as installation,,unknown; not reported per record,20231207,source recording filename/date token; identifies a recording night only,24,source participant directory,20231207,source filename/date token,participant dormitory sleeping environment,dataset paper protocol; dormitory natural-sleep environment,,unknown; sensor serial/device identity not reported per record,beneath mattress near chest,"dataset paper protocol; dataset-level placement, not a per-night reinstallation record",,unknown; recording night is not promoted to a session identifier,dataset/data/24/BCG/24_20231207_BCG.csv
,unknown; not reported per record,figshare:26013157/file:46976602,,unknown; device identity not reported per record,,unknown; source does not report removal/reinstallation boundaries and night is not treated as installation,,unknown; not reported per record,20231201,source recording filename/date token; identifies a recording night only,25,source participant directory,20231201,source filename/date token,participant dormitory sleeping environment,dataset paper protocol; dormitory natural-sleep environment,,unknown; sensor serial/device identity not reported per record,beneath mattress near chest,"dataset paper protocol; dataset-level placement, not a per-night reinstallation record",,unknown; recording night is not promoted to a session identifier,dataset/data/25/BCG/25_20231201_BCG.csv
,unknown; not reported per record,figshare:26013157/file:46976602,,unknown; device identity not reported per record,,unknown; source does not report removal/reinstallation boundaries and night is not treated as installation,,unknown; not reported per record,20231202,source recording filename/date token; identifies a recording night only,25,source participant directory,20231202,source filename/date token,participant dormitory sleeping environment,dataset paper protocol; dormitory natural-sleep environment,,unknown; sensor serial/device identity not reported per record,beneath mattress near chest,"dataset paper protocol; dataset-level placement, not a per-night reinstallation record",,unknown; recording night is not promoted to a session identifier,dataset/data/25/BCG/25_20231202_BCG.csv
,unknown; not reported per record,figshare:26013157/file:46976602,,unknown; device identity not reported per record,,unknown; source does not report removal/reinstallation boundaries and night is not treated as installation,,unknown; not reported per record,20231203,source recording filename/date token; identifies a recording night only,25,source participant directory,20231203,source filename/date token,participant dormitory sleeping environment,dataset paper protocol; dormitory natural-sleep environment,,unknown; sensor serial/device identity not reported per record,beneath mattress near chest,"dataset paper protocol; dataset-level placement, not a per-night reinstallation record",,unknown; recording night is not promoted to a session identifier,dataset/data/25/BCG/25_20231203_BCG.csv
,unknown; not reported per record,figshare:26013157/file:46976602,,unknown; device identity not reported per record,,unknown; source does not report removal/reinstallation boundaries and night is not treated as installation,,unknown; not reported per record,20231204,source recording filename/date token; identifies a recording night only,25,source participant directory,20231204,source filename/date token,participant dormitory sleeping environment,dataset paper protocol; dormitory natural-sleep environment,,unknown; sensor serial/device identity not reported per record,beneath mattress near chest,"dataset paper protocol; dataset-level placement, not a per-night reinstallation record",,unknown; recording night is not promoted to a session identifier,dataset/data/25/BCG/25_20231204_BCG.csv
,unknown; not reported per record,figshare:26013157/file:46976602,,unknown; device identity not reported per record,,unknown; source does not report removal/reinstallation boundaries and night is not treated as installation,,unknown; not reported per record,20231205,source recording filename/date token; identifies a recording night only,25,source participant directory,20231205,source filename/date token,participant dormitory sleeping environment,dataset paper protocol; dormitory natural-sleep environment,,unknown; sensor serial/device identity not reported per record,beneath mattress near chest,"dataset paper protocol; dataset-level placement, not a per-night reinstallation record",,unknown; recording night is not promoted to a session identifier,dataset/data/25/BCG/25_20231205_BCG.csv
,unknown; not reported per record,figshare:26013157/file:46976602,,unknown; device identity not reported per record,,unknown; source does not report removal/reinstallation boundaries and night is not treated as installation,,unknown; not reported per record,20231207,source recording filename/date token; identifies a recording night only,25,source participant directory,20231207,source filename/date token,participant dormitory sleeping environment,dataset paper protocol; dormitory natural-sleep environment,,unknown; sensor serial/device identity not reported per record,beneath mattress near chest,"dataset paper protocol; dataset-level placement, not a per-night reinstallation record",,unknown; recording night is not promoted to a session identifier,dataset/data/25/BCG/25_20231207_BCG.csv
,unknown; not reported per record,figshare:26013157/file:46976602,,unknown; device identity not reported per record,,unknown; source does not report removal/reinstallation boundaries and night is not treated as installation,,unknown; not reported per record,20231208,source recording filename/date token; identifies a recording night only,25,source participant directory,20231208,source filename/date token,participant dormitory sleeping environment,dataset paper protocol; dormitory natural-sleep environment,,unknown; sensor serial/device identity not reported per record,beneath mattress near chest,"dataset paper protocol; dataset-level placement, not a per-night reinstallation record",,unknown; recording night is not promoted to a session identifier,dataset/data/25/BCG/25_20231208_BCG.csv
,unknown; not reported per record,figshare:26013157/file:46976602,,unknown; device identity not reported per record,,unknown; source does not report removal/reinstallation boundaries and night is not treated as installation,,unknown; not reported per record,20231201,source recording filename/date token; identifies a recording night only,26,source participant directory,20231201,source filename/date token,participant dormitory sleeping environment,dataset paper protocol; dormitory natural-sleep environment,,unknown; sensor serial/device identity not reported per record,beneath mattress near chest,"dataset paper protocol; dataset-level placement, not a per-night reinstallation record",,unknown; recording night is not promoted to a session identifier,dataset/data/26/BCG/26_20231201_BCG.csv
,unknown; not reported per record,figshare:26013157/file:46976602,,unknown; device identity not reported per record,,unknown; source does not report removal/reinstallation boundaries and night is not treated as installation,,unknown; not reported per record,20231202,source recording filename/date token; identifies a recording night only,26,source participant directory,20231202,source filename/date token,participant dormitory sleeping environment,dataset paper protocol; dormitory natural-sleep environment,,unknown; sensor serial/device identity not reported per record,beneath mattress near chest,"dataset paper protocol; dataset-level placement, not a per-night reinstallation record",,unknown; recording night is not promoted to a session identifier,dataset/data/26/BCG/26_20231202_BCG.csv
,unknown; not reported per record,figshare:26013157/file:46976602,,unknown; device identity not reported per record,,unknown; source does not report removal/reinstallation boundaries and night is not treated as installation,,unknown; not reported per record,20231203,source recording filename/date token; identifies a recording night only,26,source participant directory,20231203,source filename/date token,participant dormitory sleeping environment,dataset paper protocol; dormitory natural-sleep environment,,unknown; sensor serial/device identity not reported per record,beneath mattress near chest,"dataset paper protocol; dataset-level placement, not a per-night reinstallation record",,unknown; recording night is not promoted to a session identifier,dataset/data/26/BCG/26_20231203_BCG.csv
,unknown; not reported per record,figshare:26013157/file:46976602,,unknown; device identity not reported per record,,unknown; source does not report removal/reinstallation boundaries and night is not treated as installation,,unknown; not reported per record,20231204,source recording filename/date token; identifies a recording night only,26,source participant directory,20231204,source filename/date token,participant dormitory sleeping environment,dataset paper protocol; dormitory natural-sleep environment,,unknown; sensor serial/device identity not reported per record,beneath mattress near chest,"dataset paper protocol; dataset-level placement, not a per-night reinstallation record",,unknown; recording night is not promoted to a session identifier,dataset/data/26/BCG/26_20231204_BCG.csv
,unknown; not reported per record,figshare:26013157/file:46976602,,unknown; device identity not reported per record,,unknown; source does not report removal/reinstallation boundaries and night is not treated as installation,,unknown; not reported per record,20231205,source recording filename/date token; identifies a recording night only,26,source participant directory,20231205,source filename/date token,participant dormitory sleeping environment,dataset paper protocol; dormitory natural-sleep environment,,unknown; sensor serial/device identity not reported per record,beneath mattress near chest,"dataset paper protocol; dataset-level placement, not a per-night reinstallation record",,unknown; recording night is not promoted to a session identifier,dataset/data/26/BCG/26_20231205_BCG.csv
,unknown; not reported per record,figshare:26013157/file:46976602,,unknown; device identity not reported per record,,unknown; source does not report removal/reinstallation boundaries and night is not treated as installation,,unknown; not reported per record,20231206,source recording filename/date token; identifies a recording night only,26,source participant directory,20231206,source filename/date token,participant dormitory sleeping environment,dataset paper protocol; dormitory natural-sleep environment,,unknown; sensor serial/device identity not reported per record,beneath mattress near chest,"dataset paper protocol; dataset-level placement, not a per-night reinstallation record",,unknown; recording night is not promoted to a session identifier,dataset/data/26/BCG/26_20231206_BCG.csv
,unknown; not reported per record,figshare:26013157/file:46976602,,unknown; device identity not reported per record,,unknown; source does not report removal/reinstallation boundaries and night is not treated as installation,,unknown; not reported per record,20231207,source recording filename/date token; identifies a recording night only,26,source participant directory,20231207,source filename/date token,participant dormitory sleeping environment,dataset paper protocol; dormitory natural-sleep environment,,unknown; sensor serial/device identity not reported per record,beneath mattress near chest,"dataset paper protocol; dataset-level placement, not a per-night reinstallation record",,unknown; recording night is not promoted to a session identifier,dataset/data/26/BCG/26_20231207_BCG.csv
,unknown; not reported per record,figshare:26013157/file:46976602,,unknown; device identity not reported per record,,unknown; source does not report removal/reinstallation boundaries and night is not treated as installation,,unknown; not reported per record,20231201,source recording filename/date token; identifies a recording night only,27,source participant directory,20231201,source filename/date token,participant dormitory sleeping environment,dataset paper protocol; dormitory natural-sleep environment,,unknown; sensor serial/device identity not reported per record,beneath mattress near chest,"dataset paper protocol; dataset-level placement, not a per-night reinstallation record",,unknown; recording night is not promoted to a session identifier,dataset/data/27/BCG/27_20231201_BCG.csv
,unknown; not reported per record,figshare:26013157/file:46976602,,unknown; device identity not reported per record,,unknown; source does not report removal/reinstallation boundaries and night is not treated as installation,,unknown; not reported per record,20231202,source recording filename/date token; identifies a recording night only,27,source participant directory,20231202,source filename/date token,participant dormitory sleeping environment,dataset paper protocol; dormitory natural-sleep environment,,unknown; sensor serial/device identity not reported per record,beneath mattress near chest,"dataset paper protocol; dataset-level placement, not a per-night reinstallation record",,unknown; recording night is not promoted to a session identifier,dataset/data/27/BCG/27_20231202_BCG.csv
,unknown; not reported per record,figshare:26013157/file:46976602,,unknown; device identity not reported per record,,unknown; source does not report removal/reinstallation boundaries and night is not treated as installation,,unknown; not reported per record,20231203,source recording filename/date token; identifies a recording night only,27,source participant directory,20231203,source filename/date token,participant dormitory sleeping environment,dataset paper protocol; dormitory natural-sleep environment,,unknown; sensor serial/device identity not reported per record,beneath mattress near chest,"dataset paper protocol; dataset-level placement, not a per-night reinstallation record",,unknown; recording night is not promoted to a session identifier,dataset/data/27/BCG/27_20231203_BCG.csv
,unknown; not reported per record,figshare:26013157/file:46976602,,unknown; device identity not reported per record,,unknown; source does not report removal/reinstallation boundaries and night is not treated as installation,,unknown; not reported per record,20231204,source recording filename/date token; identifies a recording night only,27,source participant directory,20231204,source filename/date token,participant dormitory sleeping environment,dataset paper protocol; dormitory natural-sleep environment,,unknown; sensor serial/device identity not reported per record,beneath mattress near chest,"dataset paper protocol; dataset-level placement, not a per-night reinstallation record",,unknown; recording night is not promoted to a session identifier,dataset/data/27/BCG/27_20231204_BCG.csv
,unknown; not reported per record,figshare:26013157/file:46976602,,unknown; device identity not reported per record,,unknown; source does not report removal/reinstallation boundaries and night is not treated as installation,,unknown; not reported per record,20231205,source recording filename/date token; identifies a recording night only,27,source participant directory,20231205,source filename/date token,participant dormitory sleeping environment,dataset paper protocol; dormitory natural-sleep environment,,unknown; sensor serial/device identity not reported per record,beneath mattress near chest,"dataset paper protocol; dataset-level placement, not a per-night reinstallation record",,unknown; recording night is not promoted to a session identifier,dataset/data/27/BCG/27_20231205_BCG.csv
,unknown; not reported per record,figshare:26013157/file:46976602,,unknown; device identity not reported per record,,unknown; source does not report removal/reinstallation boundaries and night is not treated as installation,,unknown; not reported per record,20231206,source recording filename/date token; identifies a recording night only,27,source participant directory,20231206,source filename/date token,participant dormitory sleeping environment,dataset paper protocol; dormitory natural-sleep environment,,unknown; sensor serial/device identity not reported per record,beneath mattress near chest,"dataset paper protocol; dataset-level placement, not a per-night reinstallation record",,unknown; recording night is not promoted to a session identifier,dataset/data/27/BCG/27_20231206_BCG.csv
,unknown; not reported per record,figshare:26013157/file:46976602,,unknown; device identity not reported per record,,unknown; source does not report removal/reinstallation boundaries and night is not treated as installation,,unknown; not reported per record,20231207,source recording filename/date token; identifies a recording night only,27,source participant directory,20231207,source filename/date token,participant dormitory sleeping environment,dataset paper protocol; dormitory natural-sleep environment,,unknown; sensor serial/device identity not reported per record,beneath mattress near chest,"dataset paper protocol; dataset-level placement, not a per-night reinstallation record",,unknown; recording night is not promoted to a session identifier,dataset/data/27/BCG/27_20231207_BCG.csv
,unknown; not reported per record,figshare:26013157/file:46976602,,unknown; device identity not reported per record,,unknown; source does not report removal/reinstallation boundaries and night is not treated as installation,,unknown; not reported per record,20231201,source recording filename/date token; identifies a recording night only,28,source participant directory,20231201,source filename/date token,participant dormitory sleeping environment,dataset paper protocol; dormitory natural-sleep environment,,unknown; sensor serial/device identity not reported per record,beneath mattress near chest,"dataset paper protocol; dataset-level placement, not a per-night reinstallation record",,unknown; recording night is not promoted to a session identifier,dataset/data/28/BCG/28_20231201_BCG.csv
,unknown; not reported per record,figshare:26013157/file:46976602,,unknown; device identity not reported per record,,unknown; source does not report removal/reinstallation boundaries and night is not treated as installation,,unknown; not reported per record,20231202,source recording filename/date token; identifies a recording night only,28,source participant directory,20231202,source filename/date token,participant dormitory sleeping environment,dataset paper protocol; dormitory natural-sleep environment,,unknown; sensor serial/device identity not reported per record,beneath mattress near chest,"dataset paper protocol; dataset-level placement, not a per-night reinstallation record",,unknown; recording night is not promoted to a session identifier,dataset/data/28/BCG/28_20231202_BCG.csv
,unknown; not reported per record,figshare:26013157/file:46976602,,unknown; device identity not reported per record,,unknown; source does not report removal/reinstallation boundaries and night is not treated as installation,,unknown; not reported per record,20231203,source recording filename/date token; identifies a recording night only,28,source participant directory,20231203,source filename/date token,participant dormitory sleeping environment,dataset paper protocol; dormitory natural-sleep environment,,unknown; sensor serial/device identity not reported per record,beneath mattress near chest,"dataset paper protocol; dataset-level placement, not a per-night reinstallation record",,unknown; recording night is not promoted to a session identifier,dataset/data/28/BCG/28_20231203_BCG.csv
,unknown; not reported per record,figshare:26013157/file:46976602,,unknown; device identity not reported per record,,unknown; source does not report removal/reinstallation boundaries and night is not treated as installation,,unknown; not reported per record,20231204,source recording filename/date token; identifies a recording night only,28,source participant directory,20231204,source filename/date token,participant dormitory sleeping environment,dataset paper protocol; dormitory natural-sleep environment,,unknown; sensor serial/device identity not reported per record,beneath mattress near chest,"dataset paper protocol; dataset-level placement, not a per-night reinstallation record",,unknown; recording night is not promoted to a session identifier,dataset/data/28/BCG/28_20231204_BCG.csv
,unknown; not reported per record,figshare:26013157/file:46976602,,unknown; device identity not reported per record,,unknown; source does not report removal/reinstallation boundaries and night is not treated as installation,,unknown; not reported per record,20231205,source recording filename/date token; identifies a recording night only,28,source participant directory,20231205,source filename/date token,participant dormitory sleeping environment,dataset paper protocol; dormitory natural-sleep environment,,unknown; sensor serial/device identity not reported per record,beneath mattress near chest,"dataset paper protocol; dataset-level placement, not a per-night reinstallation record",,unknown; recording night is not promoted to a session identifier,dataset/data/28/BCG/28_20231205_BCG.csv
,unknown; not reported per record,figshare:26013157/file:46976602,,unknown; device identity not reported per record,,unknown; source does not report removal/reinstallation boundaries and night is not treated as installation,,unknown; not reported per record,20231206,source recording filename/date token; identifies a recording night only,28,source participant directory,20231206,source filename/date token,participant dormitory sleeping environment,dataset paper protocol; dormitory natural-sleep environment,,unknown; sensor serial/device identity not reported per record,beneath mattress near chest,"dataset paper protocol; dataset-level placement, not a per-night reinstallation record",,unknown; recording night is not promoted to a session identifier,dataset/data/28/BCG/28_20231206_BCG.csv
,unknown; not reported per record,figshare:26013157/file:46976602,,unknown; device identity not reported per record,,unknown; source does not report removal/reinstallation boundaries and night is not treated as installation,,unknown; not reported per record,20231207,source recording filename/date token; identifies a recording night only,28,source participant directory,20231207,source filename/date token,participant dormitory sleeping environment,dataset paper protocol; dormitory natural-sleep environment,,unknown; sensor serial/device identity not reported per record,beneath mattress near chest,"dataset paper protocol; dataset-level placement, not a per-night reinstallation record",,unknown; recording night is not promoted to a session identifier,dataset/data/28/BCG/28_20231207_BCG.csv
,unknown; not reported per record,figshare:26013157/file:46976602,,unknown; device identity not reported per record,,unknown; source does not report removal/reinstallation boundaries and night is not treated as installation,,unknown; not reported per record,20231201,source recording filename/date token; identifies a recording night only,29,source participant directory,20231201,source filename/date token,participant dormitory sleeping environment,dataset paper protocol; dormitory natural-sleep environment,,unknown; sensor serial/device identity not reported per record,beneath mattress near chest,"dataset paper protocol; dataset-level placement, not a per-night reinstallation record",,unknown; recording night is not promoted to a session identifier,dataset/data/29/BCG/29_20231201_BCG.csv
,unknown; not reported per record,figshare:26013157/file:46976602,,unknown; device identity not reported per record,,unknown; source does not report removal/reinstallation boundaries and night is not treated as installation,,unknown; not reported per record,20231202,source recording filename/date token; identifies a recording night only,29,source participant directory,20231202,source filename/date token,participant dormitory sleeping environment,dataset paper protocol; dormitory natural-sleep environment,,unknown; sensor serial/device identity not reported per record,beneath mattress near chest,"dataset paper protocol; dataset-level placement, not a per-night reinstallation record",,unknown; recording night is not promoted to a session identifier,dataset/data/29/BCG/29_20231202_BCG.csv
,unknown; not reported per record,figshare:26013157/file:46976602,,unknown; device identity not reported per record,,unknown; source does not report removal/reinstallation boundaries and night is not treated as installation,,unknown; not reported per record,20231203,source recording filename/date token; identifies a recording night only,29,source participant directory,20231203,source filename/date token,participant dormitory sleeping environment,dataset paper protocol; dormitory natural-sleep environment,,unknown; sensor serial/device identity not reported per record,beneath mattress near chest,"dataset paper protocol; dataset-level placement, not a per-night reinstallation record",,unknown; recording night is not promoted to a session identifier,dataset/data/29/BCG/29_20231203_BCG.csv
,unknown; not reported per record,figshare:26013157/file:46976602,,unknown; device identity not reported per record,,unknown; source does not report removal/reinstallation boundaries and night is not treated as installation,,unknown; not reported per record,20231204,source recording filename/date token; identifies a recording night only,29,source participant directory,20231204,source filename/date token,participant dormitory sleeping environment,dataset paper protocol; dormitory natural-sleep environment,,unknown; sensor serial/device identity not reported per record,beneath mattress near chest,"dataset paper protocol; dataset-level placement, not a per-night reinstallation record",,unknown; recording night is not promoted to a session identifier,dataset/data/29/BCG/29_20231204_BCG.csv
,unknown; not reported per record,figshare:26013157/file:46976602,,unknown; device identity not reported per record,,unknown; source does not report removal/reinstallation boundaries and night is not treated as installation,,unknown; not reported per record,20231205,source recording filename/date token; identifies a recording night only,29,source participant directory,20231205,source filename/date token,participant dormitory sleeping environment,dataset paper protocol; dormitory natural-sleep environment,,unknown; sensor serial/device identity not reported per record,beneath mattress near chest,"dataset paper protocol; dataset-level placement, not a per-night reinstallation record",,unknown; recording night is not promoted to a session identifier,dataset/data/29/BCG/29_20231205_BCG.csv
,unknown; not reported per record,figshare:26013157/file:46976602,,unknown; device identity not reported per record,,unknown; source does not report removal/reinstallation boundaries and night is not treated as installation,,unknown; not reported per record,20231206,source recording filename/date token; identifies a recording night only,29,source participant directory,20231206,source filename/date token,participant dormitory sleeping environment,dataset paper protocol; dormitory natural-sleep environment,,unknown; sensor serial/device identity not reported per record,beneath mattress near chest,"dataset paper protocol; dataset-level placement, not a per-night reinstallation record",,unknown; recording night is not promoted to a session identifier,dataset/data/29/BCG/29_20231206_BCG.csv
,unknown; not reported per record,figshare:26013157/file:46976602,,unknown; device identity not reported per record,,unknown; source does not report removal/reinstallation boundaries and night is not treated as installation,,unknown; not reported per record,20231207,source recording filename/date token; identifies a recording night only,29,source participant directory,20231207,source filename/date token,participant dormitory sleeping environment,dataset paper protocol; dormitory natural-sleep environment,,unknown; sensor serial/device identity not reported per record,beneath mattress near chest,"dataset paper protocol; dataset-level placement, not a per-night reinstallation record",,unknown; recording night is not promoted to a session identifier,dataset/data/29/BCG/29_20231207_BCG.csv
,unknown; not reported per record,figshare:26013157/file:46976602,,unknown; device identity not reported per record,,unknown; source does not report removal/reinstallation boundaries and night is not treated as installation,,unknown; not reported per record,20231202,source recording filename/date token; identifies a recording night only,30,source participant directory,20231202,source filename/date token,participant dormitory sleeping environment,dataset paper protocol; dormitory natural-sleep environment,,unknown; sensor serial/device identity not reported per record,beneath mattress near chest,"dataset paper protocol; dataset-level placement, not a per-night reinstallation record",,unknown; recording night is not promoted to a session identifier,dataset/data/30/BCG/30_20231202_BCG.csv
,unknown; not reported per record,figshare:26013157/file:46976602,,unknown; device identity not reported per record,,unknown; source does not report removal/reinstallation boundaries and night is not treated as installation,,unknown; not reported per record,20231203,source recording filename/date token; identifies a recording night only,30,source participant directory,20231203,source filename/date token,participant dormitory sleeping environment,dataset paper protocol; dormitory natural-sleep environment,,unknown; sensor serial/device identity not reported per record,beneath mattress near chest,"dataset paper protocol; dataset-level placement, not a per-night reinstallation record",,unknown; recording night is not promoted to a session identifier,dataset/data/30/BCG/30_20231203_BCG.csv
,unknown; not reported per record,figshare:26013157/file:46976602,,unknown; device identity not reported per record,,unknown; source does not report removal/reinstallation boundaries and night is not treated as installation,,unknown; not reported per record,20231204,source recording filename/date token; identifies a recording night only,30,source participant directory,20231204,source filename/date token,participant dormitory sleeping environment,dataset paper protocol; dormitory natural-sleep environment,,unknown; sensor serial/device identity not reported per record,beneath mattress near chest,"dataset paper protocol; dataset-level placement, not a per-night reinstallation record",,unknown; recording night is not promoted to a session identifier,dataset/data/30/BCG/30_20231204_BCG.csv
,unknown; not reported per record,figshare:26013157/file:46976602,,unknown; device identity not reported per record,,unknown; source does not report removal/reinstallation boundaries and night is not treated as installation,,unknown; not reported per record,20231205,source recording filename/date token; identifies a recording night only,30,source participant directory,20231205,source filename/date token,participant dormitory sleeping environment,dataset paper protocol; dormitory natural-sleep environment,,unknown; sensor serial/device identity not reported per record,beneath mattress near chest,"dataset paper protocol; dataset-level placement, not a per-night reinstallation record",,unknown; recording night is not promoted to a session identifier,dataset/data/30/BCG/30_20231205_BCG.csv
,unknown; not reported per record,figshare:26013157/file:46976602,,unknown; device identity not reported per record,,unknown; source does not report removal/reinstallation boundaries and night is not treated as installation,,unknown; not reported per record,20231206,source recording filename/date token; identifies a recording night only,30,source participant directory,20231206,source filename/date token,participant dormitory sleeping environment,dataset paper protocol; dormitory natural-sleep environment,,unknown; sensor serial/device identity not reported per record,beneath mattress near chest,"dataset paper protocol; dataset-level placement, not a per-night reinstallation record",,unknown; recording night is not promoted to a session identifier,dataset/data/30/BCG/30_20231206_BCG.csv
,unknown; not reported per record,figshare:26013157/file:46976602,,unknown; device identity not reported per record,,unknown; source does not report removal/reinstallation boundaries and night is not treated as installation,,unknown; not reported per record,20231207,source recording filename/date token; identifies a recording night only,30,source participant directory,20231207,source filename/date token,participant dormitory sleeping environment,dataset paper protocol; dormitory natural-sleep environment,,unknown; sensor serial/device identity not reported per record,beneath mattress near chest,"dataset paper protocol; dataset-level placement, not a per-night reinstallation record",,unknown; recording night is not promoted to a session identifier,dataset/data/30/BCG/30_20231207_BCG.csv
,unknown; not reported per record,figshare:26013157/file:46976602,,unknown; device identity not reported per record,,unknown; source does not report removal/reinstallation boundaries and night is not treated as installation,,unknown; not reported per record,20240115,source recording filename/date token; identifies a recording night only,31,source participant directory,20240115,source filename/date token,participant dormitory sleeping environment,dataset paper protocol; dormitory natural-sleep environment,,unknown; sensor serial/device identity not reported per record,beneath mattress near chest,"dataset paper protocol; dataset-level placement, not a per-night reinstallation record",,unknown; recording night is not promoted to a session identifier,dataset/data/31/BCG/31_20240115_BCG.csv
,unknown; not reported per record,figshare:26013157/file:46976602,,unknown; device identity not reported per record,,unknown; source does not report removal/reinstallation boundaries and night is not treated as installation,,unknown; not reported per record,20240116,source recording filename/date token; identifies a recording night only,31,source participant directory,20240116,source filename/date token,participant dormitory sleeping environment,dataset paper protocol; dormitory natural-sleep environment,,unknown; sensor serial/device identity not reported per record,beneath mattress near chest,"dataset paper protocol; dataset-level placement, not a per-night reinstallation record",,unknown; recording night is not promoted to a session identifier,dataset/data/31/BCG/31_20240116_BCG.csv
,unknown; not reported per record,figshare:26013157/file:46976602,,unknown; device identity not reported per record,,unknown; source does not report removal/reinstallation boundaries and night is not treated as installation,,unknown; not reported per record,20240117,source recording filename/date token; identifies a recording night only,31,source participant directory,20240117,source filename/date token,participant dormitory sleeping environment,dataset paper protocol; dormitory natural-sleep environment,,unknown; sensor serial/device identity not reported per record,beneath mattress near chest,"dataset paper protocol; dataset-level placement, not a per-night reinstallation record",,unknown; recording night is not promoted to a session identifier,dataset/data/31/BCG/31_20240117_BCG.csv
,unknown; not reported per record,figshare:26013157/file:46976602,,unknown; device identity not reported per record,,unknown; source does not report removal/reinstallation boundaries and night is not treated as installation,,unknown; not reported per record,20240118,source recording filename/date token; identifies a recording night only,31,source participant directory,20240118,source filename/date token,participant dormitory sleeping environment,dataset paper protocol; dormitory natural-sleep environment,,unknown; sensor serial/device identity not reported per record,beneath mattress near chest,"dataset paper protocol; dataset-level placement, not a per-night reinstallation record",,unknown; recording night is not promoted to a session identifier,dataset/data/31/BCG/31_20240118_BCG.csv
,unknown; not reported per record,figshare:26013157/file:46976602,,unknown; device identity not reported per record,,unknown; source does not report removal/reinstallation boundaries and night is not treated as installation,,unknown; not reported per record,20240119,source recording filename/date token; identifies a recording night only,31,source participant directory,20240119,source filename/date token,participant dormitory sleeping environment,dataset paper protocol; dormitory natural-sleep environment,,unknown; sensor serial/device identity not reported per record,beneath mattress near chest,"dataset paper protocol; dataset-level placement, not a per-night reinstallation record",,unknown; recording night is not promoted to a session identifier,dataset/data/31/BCG/31_20240119_BCG.csv
,unknown; not reported per record,figshare:26013157/file:46976602,,unknown; device identity not reported per record,,unknown; source does not report removal/reinstallation boundaries and night is not treated as installation,,unknown; not reported per record,20240120,source recording filename/date token; identifies a recording night only,31,source participant directory,20240120,source filename/date token,participant dormitory sleeping environment,dataset paper protocol; dormitory natural-sleep environment,,unknown; sensor serial/device identity not reported per record,beneath mattress near chest,"dataset paper protocol; dataset-level placement, not a per-night reinstallation record",,unknown; recording night is not promoted to a session identifier,dataset/data/31/BCG/31_20240120_BCG.csv
,unknown; not reported per record,figshare:26013157/file:46976602,,unknown; device identity not reported per record,,unknown; source does not report removal/reinstallation boundaries and night is not treated as installation,,unknown; not reported per record,20240121,source recording filename/date token; identifies a recording night only,31,source participant directory,20240121,source filename/date token,participant dormitory sleeping environment,dataset paper protocol; dormitory natural-sleep environment,,unknown; sensor serial/device identity not reported per record,beneath mattress near chest,"dataset paper protocol; dataset-level placement, not a per-night reinstallation record",,unknown; recording night is not promoted to a session identifier,dataset/data/31/BCG/31_20240121_BCG.csv
,unknown; not reported per record,figshare:26013157/file:46976602,,unknown; device identity not reported per record,,unknown; source does not report removal/reinstallation boundaries and night is not treated as installation,,unknown; not reported per record,20240122,source recording filename/date token; identifies a recording night only,32,source participant directory,20240122,source filename/date token,participant dormitory sleeping environment,dataset paper protocol; dormitory natural-sleep environment,,unknown; sensor serial/device identity not reported per record,beneath mattress near chest,"dataset paper protocol; dataset-level placement, not a per-night reinstallation record",,unknown; recording night is not promoted to a session identifier,dataset/data/32/BCG/32_20240122_BCG.csv
,unknown; not reported per record,figshare:26013157/file:46976602,,unknown; device identity not reported per record,,unknown; source does not report removal/reinstallation boundaries and night is not treated as installation,,unknown; not reported per record,20240123,source recording filename/date token; identifies a recording night only,32,source participant directory,20240123,source filename/date token,participant dormitory sleeping environment,dataset paper protocol; dormitory natural-sleep environment,,unknown; sensor serial/device identity not reported per record,beneath mattress near chest,"dataset paper protocol; dataset-level placement, not a per-night reinstallation record",,unknown; recording night is not promoted to a session identifier,dataset/data/32/BCG/32_20240123_BCG.csv
,unknown; not reported per record,figshare:26013157/file:46976602,,unknown; device identity not reported per record,,unknown; source does not report removal/reinstallation boundaries and night is not treated as installation,,unknown; not reported per record,20240124,source recording filename/date token; identifies a recording night only,32,source participant directory,20240124,source filename/date token,participant dormitory sleeping environment,dataset paper protocol; dormitory natural-sleep environment,,unknown; sensor serial/device identity not reported per record,beneath mattress near chest,"dataset paper protocol; dataset-level placement, not a per-night reinstallation record",,unknown; recording night is not promoted to a session identifier,dataset/data/32/BCG/32_20240124_BCG.csv
,unknown; not reported per record,figshare:26013157/file:46976602,,unknown; device identity not reported per record,,unknown; source does not report removal/reinstallation boundaries and night is not treated as installation,,unknown; not reported per record,20240125,source recording filename/date token; identifies a recording night only,32,source participant directory,20240125,source filename/date token,participant dormitory sleeping environment,dataset paper protocol; dormitory natural-sleep environment,,unknown; sensor serial/device identity not reported per record,beneath mattress near chest,"dataset paper protocol; dataset-level placement, not a per-night reinstallation record",,unknown; recording night is not promoted to a session identifier,dataset/data/32/BCG/32_20240125_BCG.csv
,unknown; not reported per record,figshare:26013157/file:46976602,,unknown; device identity not reported per record,,unknown; source does not report removal/reinstallation boundaries and night is not treated as installation,,unknown; not reported per record,20240126,source recording filename/date token; identifies a recording night only,32,source participant directory,20240126,source filename/date token,participant dormitory sleeping environment,dataset paper protocol; dormitory natural-sleep environment,,unknown; sensor serial/device identity not reported per record,beneath mattress near chest,"dataset paper protocol; dataset-level placement, not a per-night reinstallation record",,unknown; recording night is not promoted to a session identifier,dataset/data/32/BCG/32_20240126_BCG.csv
,unknown; not reported per record,figshare:26013157/file:46976602,,unknown; device identity not reported per record,,unknown; source does not report removal/reinstallation boundaries and night is not treated as installation,,unknown; not reported per record,20240127,source recording filename/date token; identifies a recording night only,32,source participant directory,20240127,source filename/date token,participant dormitory sleeping environment,dataset paper protocol; dormitory natural-sleep environment,,unknown; sensor serial/device identity not reported per record,beneath mattress near chest,"dataset paper protocol; dataset-level placement, not a per-night reinstallation record",,unknown; recording night is not promoted to a session identifier,dataset/data/32/BCG/32_20240127_BCG.csv
,unknown; not reported per record,figshare:26013157/file:46976602,,unknown; device identity not reported per record,,unknown; source does not report removal/reinstallation boundaries and night is not treated as installation,,unknown; not reported per record,20240128,source recording filename/date token; identifies a recording night only,32,source participant directory,20240128,source filename/date token,participant dormitory sleeping environment,dataset paper protocol; dormitory natural-sleep environment,,unknown; sensor serial/device identity not reported per record,beneath mattress near chest,"dataset paper protocol; dataset-level placement, not a per-night reinstallation record",,unknown; recording night is not promoted to a session identifier,dataset/data/32/BCG/32_20240128_BCG.csv
